-- Ensure UTF-8 encoding during import
SET NAMES utf8mb4;
SET character_set_client = utf8mb4;

-- Bảng người dùng
CREATE TABLE Customers (
    id INT AUTO_INCREMENT PRIMARY KEY,
    username VARCHAR(50) NOT NULL UNIQUE,
    password VARCHAR(50) NOT NULL,
    fullname VARCHAR(50) NOT NULL,
    email VARCHAR(50) NOT NULL,
    photo VARCHAR(500) NOT NULL DEFAULT 'https://res.cloudinary.com/djhidgxfo/image/upload/v1751388108/user_dlgoyb.png',
    public_id VARCHAR(255) NULL,
    token VARCHAR(50) NOT NULL
);

-- Bảng vai trò người dùng
CREATE TABLE Roles (
    id VARCHAR(10) NOT NULL,
    name VARCHAR(50) NOT NULL,
    CONSTRAINT PK_Roles PRIMARY KEY (id)
);

-- Bảng danh mục sản phẩm
CREATE TABLE Categories (
    id CHAR(4) NOT NULL,
    name VARCHAR(50) NOT NULL,
    note VARCHAR(255) NOT NULL,
    description VARCHAR(255) NOT NULL,
    slider_image TEXT NULL,
    CONSTRAINT PK_Categories PRIMARY KEY (id)
);

CREATE TABLE Products (
    id INT AUTO_INCREMENT NOT NULL,
    name VARCHAR(255) NOT NULL,
    image VARCHAR(255) NOT NULL DEFAULT 'https://res.cloudinary.com/djhidgxfo/image/upload/v1750748027/cloud-upload_c6zitf.jpg',
    public_id VARCHAR(255) NULL,
    price FLOAT NOT NULL DEFAULT 0,
    quantity INT NOT NULL,
    createDate DATE NOT NULL DEFAULT (CURRENT_DATE),
    available BOOLEAN NOT NULL DEFAULT 1,
    categoryId CHAR(4) NOT NULL,
    CONSTRAINT PK_Products PRIMARY KEY (id),
    CONSTRAINT FK_Products_Categories FOREIGN KEY (categoryId) REFERENCES Categories (id) ON DELETE CASCADE
);

-- Bảng đơn hàng
CREATE TABLE Orders (
    id BIGINT AUTO_INCREMENT NOT NULL,
    customerId INT NOT NULL,
    createDate DATETIME NOT NULL DEFAULT CURRENT_TIMESTAMP,
    address VARCHAR(100) NOT NULL,
    paymentStatus VARCHAR(20) DEFAULT 'PENDING',
    vnpayTransactionId VARCHAR(100) NULL,
    totalAmount DOUBLE NULL,
    CONSTRAINT PK_Orders PRIMARY KEY (id),
    CONSTRAINT FK_Orders_Customers FOREIGN KEY (customerId) REFERENCES Customers (id) ON UPDATE CASCADE ON DELETE CASCADE
);

-- Bảng chi tiết đơn hàng
CREATE TABLE OrderDetails (
    id BIGINT AUTO_INCREMENT NOT NULL,
    orderId BIGINT NOT NULL,
    productId INT NOT NULL,
    price FLOAT NOT NULL DEFAULT 0,
    quantity INT NOT NULL DEFAULT 1,
    CONSTRAINT PK_OrderDetails PRIMARY KEY (id),
    CONSTRAINT FK_OrderDetails_Orders FOREIGN KEY (orderId) REFERENCES Orders (id) ON UPDATE CASCADE ON DELETE CASCADE,
    CONSTRAINT FK_OrderDetails_Products FOREIGN KEY (productId) REFERENCES Products (id) ON UPDATE CASCADE ON DELETE CASCADE
);

-- Bảng phân quyền người dùng
CREATE TABLE Authorities (
    id INT AUTO_INCREMENT NOT NULL,
    customerId INT NOT NULL,
    roleId VARCHAR(10) NOT NULL,
    CONSTRAINT PK_UserRoles PRIMARY KEY (id),
    CONSTRAINT FK_Authorities_Customers FOREIGN KEY (customerId) REFERENCES Customers (id) ON UPDATE CASCADE ON DELETE CASCADE,
    CONSTRAINT FK_Authorities_Roles FOREIGN KEY (roleId) REFERENCES Roles (id) ON UPDATE CASCADE ON DELETE CASCADE
);

-- Bảng giỏ hàng (thêm mới)
CREATE TABLE CartItems (
    customerId INT NOT NULL,
    product_id INT NOT NULL,
    quantity INT NOT NULL DEFAULT 1,
    price FLOAT NOT NULL,
    added_date DATETIME NOT NULL DEFAULT CURRENT_TIMESTAMP,
    PRIMARY KEY (customerId, product_id),
    FOREIGN KEY (customerId) REFERENCES Customers(id) ON DELETE CASCADE ON UPDATE CASCADE,
    FOREIGN KEY (product_id) REFERENCES Products(id) ON DELETE CASCADE ON UPDATE CASCADE
);

-- Bảng sản phẩm yêu thích
CREATE TABLE Favorites (
    customerId INT NOT NULL,
    productId INT NOT NULL,
    added_date DATETIME NOT NULL DEFAULT CURRENT_TIMESTAMP,
    PRIMARY KEY (customerId, productId),
    FOREIGN KEY (customerId) REFERENCES Customers(id) ON DELETE CASCADE ON UPDATE CASCADE,
    FOREIGN KEY (productId) REFERENCES Products(id) ON DELETE CASCADE ON UPDATE CASCADE
);

INSERT INTO Roles (id, name)
VALUES
    ('DIRE', 'Directors'),
    ('STAF', 'Staffs'),
    ('CUST', 'Customers');

INSERT INTO Categories (id, name, note, description, slider_image) VALUES
    ('1000', 'Đồng hồ đeo tay', 'Đồng hồ đeo tay chất lượng cao', 'Đồng hồ đeo tay chất lượng cao', 'assets/img/slider/watch-slider.png,assets/img/slider/watch-slider(1).png,assets/img/slider/watch-slider(2).jpg'),
    ('1001', 'Máy tính xách tay', 'Các loại máy tính xách tay hiện đại', 'Các loại máy tính xách tay hiện đại', 'assets/img/slider/laptop-slider.jpg,assets/img/slider/laptop-slider(1).jpg,assets/img/slider/laptop-slider(2).png'),
    ('1002', 'Máy ảnh', 'Máy ảnh chụp hình chuyên nghiệp và nghiệp dư', 'Máy ảnh chụp hình chuyên nghiệp và nghiệp dư', 'assets/img/slider/camera-slider.jpg,assets/img/slider/camera-slider(1).jpg,assets/img/slider/camera-slider(2).jpg'),
    ('1003', 'Điện thoại', 'Điện thoại di động thông minh', 'Điện thoại di động thông minh', 'assets/img/slider/phone-slider.jpg,assets/img/slider/phone-slider(2).jpg,assets/img/slider/phone-slider(3).jpg'),
    ('1004', 'Nước hoa', 'Nước hoa thơm ngát các loại', 'Nước hoa thơm ngát các loại', 'assets/img/slider/perfume-slider.jpg,assets/img/slider/perfume-slider(1).jpg,assets/img/slider/perfume-slider(2).jpg'),
    ('1005', 'Nữ trang', 'Nữ trang sang trọng và tinh xảo', 'Nữ trang sang trọng và tinh xảo', 'assets/img/slider/jewelry-slider.jpg,assets/img/slider/jewelry-slider(1).jpg,assets/img/slider/jewelry-slider(2).avif'),
    ('1006', 'Nón thời trang', 'Nón thời trang đa dạng kiểu dáng', 'Nón thời trang đa dạng kiểu dáng', 'assets/img/slider/hat-slider.avif,assets/img/slider/hat-slider(1).avif,assets/img/slider/hat-slider(2).jpg'),
    ('1007', 'Túi xách du lịch', 'Túi xách du lịch bền bỉ và tiện lợi', 'Túi xách du lịch bền bỉ và tiện lợi', 'assets/img/slider/bag-slider.jpg,assets/img/slider/bag-slider(1).jpg,assets/img/slider/bag-slider(2).png');

INSERT INTO Customers (id, username, password, fullname, email, photo, public_id, token) VALUES
    (1, 'admin', '123', 'Nguyễn Minh Hiếu', 'hwiyou2005@gmail.com', 'user.png', NULL, 'token'),
    (2, 'staff', '123', 'Lê Thị Đậu', 'duyplus1999@gmail.com', 'user.png', NULL, 'token'),
    (3, 'user', '123', 'Nguyễn Văn Tèo', 'duyplus0909@gmail.com', 'user.png', NULL, 'token'),
    (4, 'anatr', 'anatr', 'Trần Thu Trà', 'anatr@gmail.com', 'user.png', NULL, 'token'),
    (5, 'anton', 'anton', 'Ngô Anh Tuấn', 'anton@gmail.com', 'user.png', NULL, 'token'),
    (6, 'arout', 'arout', 'Phạm Minh Huy', 'arout@gmail.com', 'user.png', NULL, 'token'),
    (7, 'bergs', 'bergs', 'Nguyễn Thị Mai', 'bergs@gmail.com', 'user.png', NULL, 'token'),
    (8, 'blaus', 'blaus', 'Lê Hồng Hạnh', 'blaus@gmail.com', 'user.png', NULL, 'token'),
    (9, 'blonp', 'blonp', 'Phạm Thùy Dương', 'blonp@gmail.com', 'user.png', NULL, 'token'),
    (12, 'bottm', 'bottm', 'Trần Thanh Hiền', 'bottm@gmail.com', 'user.png', NULL, 'token'),
    (13, 'bsbev', 'bsbev', 'Vũ Khánh Linh', 'bsbev@gmail.com', 'user.png', NULL, 'token'),
    (14, 'cactu', 'cactu', 'Đỗ Quốc Huy', 'cactu@gmail.com', 'user.png', NULL, 'token'),
    (15, 'centc', 'centc', 'Trương Thành Công', 'centc@gmail.com', 'user.png', NULL, 'token'),
    (16, 'chops', 'chops', 'Hoàng Anh Dũng', 'chops@gmail.com', 'user.png', NULL, 'token'),
    (17, 'commi', 'commi', 'Nguyễn Đức Phong', 'commi@gmail.com', 'user.png', NULL, 'token'),
    (18, 'consh', 'consh', 'Ngô Bảo Trân', 'consh@gmail.com', 'user.png', NULL, 'token'),
    (19, 'dracd', 'dracd', 'Trần Đức Minh', 'dracd@gmail.com', 'user.png', NULL, 'token'),
    (20, 'dumon', 'dumon', 'Nguyễn Thu Hương', 'dumon@gmail.com', 'user.png', NULL, 'token'),
    (21, 'eastc', 'eastc', 'Phạm Ngọc Ánh', 'eastc@gmail.com', 'user.png', NULL, 'token'),
    (22, 'ernsh', 'ernsh', 'Lê Quang Khải', 'ernsh@gmail.com', 'user.png', NULL, 'token'),
    (23, 'famia', 'famia', 'Nguyễn Hải Yến', 'famia@gmail.com', 'user.png', NULL, 'token'),
    (24, 'fissa', 'fissa', 'Đinh Hoàng Nam', 'fissa@gmail.com', 'user.png', NULL, 'token'),
    (25, 'folig', 'folig', 'Phạm Bích Ngọc', 'folig@gmail.com', 'user.png', NULL, 'token');
    
INSERT INTO Authorities (id, customerId, roleId) VALUES
    (1, 1, 'DIRE'),
    (2, 1, 'STAF'),
    (3, 1, 'CUST'),
    (4, 2, 'STAF'),
    (5, 2, 'CUST'),
    (6, 3, 'CUST'),
    (7, 3, 'STAF'),
    (10, 4, 'CUST'),
    (11, 5, 'CUST'),
    (12, 6, 'CUST'),
    (13, 7, 'CUST'),
    (14, 8, 'CUST'),
    (15, 9, 'CUST'),
    (16, 12, 'CUST'),
    (17, 13, 'CUST'),
    (18, 14, 'CUST'),
    (19, 15, 'CUST'),
    (20, 16, 'CUST'),
    (21, 17, 'CUST'),
    (22, 18, 'CUST'),
    (23, 19, 'CUST'),
    (24, 20, 'CUST'),
    (25, 21, 'CUST'),
    (26, 22, 'CUST');


INSERT INTO Products (id, name, image, public_id, price, quantity, createDate, available, categoryId) VALUES
    (1,'Điện thoại Motorola G06 POWER 4GB/128GB', 'https://cdn.tgdd.vn/Products/Images/42/358226/motorola-g06-power-4gb-128gb-thumb-600x600.jpg', NULL, 3290000, 100, '2025-11-28', 1, '1003'),
    (2,'Điện thoại Motorola G35 5G 4GB/128GB', 'https://cdn.tgdd.vn/Products/Images/42/358048/motorola-moto-g35-5g-4gb-128gb-green-thumb2-600x600.jpg', NULL, 3990000, 100, '2025-11-28', 1, '1003'),
    (3,'Điện thoại iPhone 17 Pro Max 256GB', 'https://cdn.tgdd.vn/Products/Images/42/342679/iphone-17-pro-max-cam-thumb-600x600.jpg', NULL, 37990000, 92, '2025-11-28', 1, '1003'),
    (4,'Điện thoại iPhone 17 Pro 256GB', 'https://cdn.tgdd.vn/Products/Images/42/342676/iphone-17-pro-cam-thumb-600x600.jpg', NULL, 34990000, 85, '2025-11-28', 1, '1003'),
    (5,'Điện thoại Motorola G86 POWER 5G 8GB/128GB', 'https://cdn.tgdd.vn/Products/Images/42/358225/motorola-moto-g86-5g-8gb-128gb-xam-thumb-600x600.jpg', NULL, 7090000, 22, '2025-11-28', 1, '1003'),
    (6,'Điện thoại Motorola Edge 60 Fusion 5G 8GB/256GB', 'https://cdn.tgdd.vn/Products/Images/42/358224/motorola-edge-60-fusion-8gb-256gb-blue-thumb-600x600.jpg', NULL, 8990000, 10, '2025-11-28', 1, '1003'),
    (7,'Điện thoại Motorola Razr 60 5G 8GB/256GB', 'https://cdn.tgdd.vn/Products/Images/42/358223/motorola-razr-60-8gb-256gb-blue-thumb-600x600.jpg', NULL, 18990000, 68, '2025-11-28', 1, '1003'),
    (8, 'Điện thoại Samsung Galaxy A17 5G 8GB/128GB', 'https://cdn.tgdd.vn/Products/Images/42/341688/galaxy-a17-5g-gray-thumbai-600x600.jpg', NULL, 5990000, 81, '2025-11-28', 1, '1003'),
    (9, 'Điện thoại Samsung Galaxy S25 FE 5G 8GB/128GB', 'https://cdn.tgdd.vn/Products/Images/42/342560/samsung-galaxy-s25-fe-blue-thumbai-600x600.jpg', NULL, 13690000, 8, '2025-11-28', 1, '1003'),
    (10, 'Điện thoại OPPO Find X9 Pro 5G 16GB/512GB', 'https://cdn.tgdd.vn/Products/Images/42/344652/oppo-find-x9-pro-white-thumb-600x600.jpg', NULL, 32990000, 11, '2025-11-28', 1, '1003'),
    (11, 'Điện thoại OPPO Find X9 5G 12GB/256GB', 'https://cdn.tgdd.vn/Products/Images/42/344655/oppo-find-x9-black-thumb-600x600.jpg', NULL, 22990000, 96, '2025-11-28', 1, '1003'),
    (12, 'Điện thoại Xiaomi 15T Pro 5G 12GB/256GB', 'https://cdn.tgdd.vn/Products/Images/42/344646/xiaomi-15t-pro-rose-gold-thumb-600x600.jpg', NULL, 18490000, 54, '2025-11-28', 1, '1003'),
    (13, 'Điện thoại vivo V60 Lite 5G 8GB/256GB', 'https://cdn.tgdd.vn/Products/Images/42/357576/vivo-v60-lite-pink-thumbai-600x600.jpg', NULL, 10490000, 59, '2025-11-28', 1, '1003'),
    (14, 'Điện thoại Xiaomi 15T 5G 12GB/256GB', 'https://cdn.tgdd.vn/Products/Images/42/344644/xiaomi-15t-rose-gold-thumb-600x600.jpg', NULL, 13990000, 68, '2025-11-28', 1, '1003'),
    (15, 'Điện thoại realme C85 Pro 8GB/128GB', 'https://cdn.tgdd.vn/Products/Images/42/357832/realme-c85-pro-purple-thumb-1-600x600.jpg', NULL, 6490000, 82, '2025-11-28', 1, '1003'),
    (16, 'Điện thoại vivo V60 5G 12GB/256GB', 'https://cdn.tgdd.vn/Products/Images/42/341625/vivo-v60-5g-xam-thumb-600x600.jpg', NULL, 15990000, 73, '2025-11-28', 1, '1003'),
    (17, 'Điện thoại Honor X7d 5G 8GB/256GB', 'https://cdn.tgdd.vn/Products/Images/42/358026/honor-x7d-5g-bac-thumb-600x600.jpg', NULL, 6990000, 7, '2025-11-28', 1, '1003'),
    (18, 'Điện thoại HONOR Magic V5 5G 16GB/512GB', 'https://cdn.tgdd.vn/Products/Images/42/344641/honor-magic-v5-gold-thumb-600x600.jpg', NULL, 44990000, 91, '2025-11-28', 1, '1003'),
    (19, 'Điện thoại Tecno Spark Go 2 3GB/64GB', 'https://cdnv2.tgdd.vn/mwg-static/tgdd/Products/Images/42/341837/tecno-spark-go-2-xanh-thumb-638899027806878098-600x600.jpg', NULL, 2290000, 31, '2025-11-28', 1, '1003'),
    (20, 'Điện thoại định vị trẻ em Masstel Alfa 5', 'https://cdn.tgdd.vn/Products/Images/42/342910/masstel-alfa-5-vang-dong-thumb-600x600.jpg', NULL, 1390000, 93, '2025-11-28', 1, '1003'),
    (21, 'Điện thoại iPhone 16 Pro Max 256GB', 'https://cdn.tgdd.vn/Products/Images/42/329149/iphone-16-pro-max-sa-mac-thumb-1-600x600.jpg', NULL, 30590000, 90, '2025-11-28', 1, '1003'),
    (22, 'Điện thoại iPhone 16 128GB', 'https://cdn.tgdd.vn/Products/Images/42/329135/iphone-16-blue-600x600.png', NULL, 21290000, 23, '2025-11-28', 1, '1003'),
    (23, 'Điện thoại Samsung Galaxy A07 4GB/64GB', 'https://cdn.tgdd.vn/Products/Images/42/341802/samsung-galaxy-a07-violet-thumb-600x600.jpg', NULL, 2890000, 31, '2025-11-28', 1, '1003'),
    (24, 'Điện thoại Samsung Galaxy S25 Ultra 5G 12GB/256GB', 'https://cdn.tgdd.vn/2025/11/timerseo/333347-600x600-3.jpg', NULL, 27780000, 30, '2025-11-28', 1, '1003'),
    (25, 'Điện thoại OPPO A6 Pro 8GB/128GB', 'https://cdn.tgdd.vn/Products/Images/42/344651/oppo-a6-pro-4g-pink-thumbai-600x600.jpg', NULL, 7490000, 66, '2025-11-28', 1, '1003'),
    (26, 'Điện thoại OPPO A6 Pro 5G 12GB/256GB', 'https://cdn.tgdd.vn/Products/Images/42/344649/oppo-a6-pro-5g-pink-thumbai-600x600.jpg', NULL, 9990000, 7, '2025-11-28', 1, '1003'),
    (27, 'Điện thoại Xiaomi 15T 5G 12GB/512GB Xám', 'https://cdn.tgdd.vn/Products/Images/42/344645/xiaomi-15t-gray-thumb-600x600.jpg', NULL, 14990000, 96, '2025-11-28', 1, '1003'),
    (28, 'Điện thoại Xiaomi 15T Pro 5G 12GB/512GB Đen', 'https://cdn.tgdd.vn/Products/Images/42/344647/xiaomi-15t-pro-black-thumb-600x600.jpg', NULL, 19490000, 55, '2025-11-28', 1, '1003'),
    (29, 'Điện thoại Xiaomi 15T Pro 5G 12GB/1TB', 'https://cdn.tgdd.vn/Products/Images/42/344648/xiaomi-15t-pro-gray-thumb-600x600.jpg', NULL, 20490000, 62, '2025-11-28', 1, '1003'),
    (30, 'Điện thoại vivo X300 5G 12GB/256GB', 'https://cdn.tgdd.vn/Products/Images/42/357861/vivo-x300-hong-thumbai-600x600.jpg', NULL, 19990000, 55, '2025-11-28', 1, '1003'),
    (31, 'Điện thoại vivo X300 Pro 5G 16GB/512GB', 'https://cdn.tgdd.vn/Products/Images/42/357862/vivo-x300-pro-den-thumb-600x600.jpg', NULL, 29990000, 21, '2025-11-28', 1, '1003'),
    (32, 'Điện thoại realme C85 5G 8GB/256GB', 'https://cdn.tgdd.vn/Products/Images/42/357831/realme-c85-purple-thumb-1-600x600.jpg', NULL, 7690000, 43, '2025-11-28', 1, '1003'),
    (33, 'Điện thoại HONOR 400 Lite 12GB/256GB', 'https://cdn.tgdd.vn/Products/Images/42/339245/honor-400-lite-xam-thumb-600x600.jpg', NULL, 8630000, 56, '2025-11-28', 1, '1003'),
    (34, 'Điện thoại iPhone 16e 128GB', 'https://cdn.tgdd.vn/Products/Images/42/334864/iphone-16e-white-thumb-600x600.jpg', NULL, 15990000, 63, '2025-11-28', 1, '1003'),
    (35, 'Điện thoại Samsung Galaxy Z Fold7 5G 12GB/256GB', 'https://cdn.tgdd.vn/Products/Images/42/338738/samsung-galaxy-z-fold7-black-thumb-1-600x600.jpg', NULL, 40990000, 61, '2025-11-28', 1, '1003'),
    (36, 'Điện thoại Samsung Galaxy A56 5G 12GB/256GB', 'https://cdn.tgdd.vn/2025/11/timerseo/334932-600x600-5.jpg', NULL, 10780000, 1, '2025-11-28', 1, '1003'),
    (37, 'Điện thoại iPhone 15 128GB', 'https://cdn.tgdd.vn/Products/Images/42/281570/iphone-15-xanh-thumb-600x600.jpg', NULL, 17290000, 78, '2025-11-28', 1, '1003'),
    (38, 'Điện thoại Samsung Galaxy A26 5G 6GB/128GB', 'https://cdn.tgdd.vn/2025/11/timerseo/335915-600x600-4.jpg', NULL, 6270000, 67, '2025-11-28', 1, '1003'),
    (39, 'Điện thoại Samsung Galaxy A06 5G 6GB/128GB', 'https://cdn.tgdd.vn/2025/11/timerseo/335234-600x600-3.jpg', NULL, 3710000, 98, '2025-11-28', 1, '1003'),
    (40, 'Điện thoại Masstel S9 6GB/256GB', 'https://cdn.tgdd.vn/2025/11/timerseo/336409-600x600-4.jpg', NULL, 2940000, 49, '2025-11-28', 1, '1003'),
    (41, 'Điện thoại Xiaomi Redmi Note 14 Pro+ 5G 12GB/512GB', 'https://cdn.tgdd.vn/2025/11/timerseo/337713-600x600-4.jpg', NULL, 11160000, 41, '2025-11-28', 1, '1003'),
    (42, 'Điện thoại Xiaomi Redmi Note 14 Pro 8GB/256GB', 'https://cdn.tgdd.vn/2025/11/timerseo/320730-600x600-3.jpg', NULL, 6650000, 5, '2025-11-28', 1, '1003'),
    (43, 'Điện thoại OPPO Reno14 F 5G 8GB/256GB Hồng', 'https://cdn.tgdd.vn/Products/Images/42/339624/oppo-reno14-f-5g-pink-thumb-600x600.jpg', NULL, 10300000, 4, '2025-11-28', 1, '1003'),
    (44, 'Điện thoại vivo V50 Lite 5G 8GB/256GB', 'https://cdn.tgdd.vn/2025/11/timerseo/336408-600x600-3.jpg', NULL, 8810000, 9, '2025-11-28', 1, '1003'),
    (45, 'Điện thoại OPPO Reno14 F 5G 12GB/256GB', 'https://cdn.tgdd.vn/Products/Images/42/339177/oppo-reno14-f-5g-blue-thumb-600x600.jpg', NULL, 11290000, 76, '2025-11-28', 1, '1003'),
    (46, 'Điện thoại Xiaomi Redmi Note 14 Pro 5G 8GB/256GB', 'https://cdn.tgdd.vn/2025/11/timerseo/332938-600x600-4.jpg', NULL, 7920000, 6, '2025-11-28', 1, '1003'),
    (47, 'Điện thoại Xiaomi Redmi Note 14 5G 8GB/256GB', 'https://cdn.tgdd.vn/2025/11/timerseo/335583-600x600-3.jpg', NULL, 6760000, 4, '2025-11-28', 1, '1003'),
    (48, 'Điện thoại realme 15T 5G 8GB/256GB', 'https://cdn.tgdd.vn/Products/Images/42/343063/realme-15t-sliver-thumb-600x600.jpg', NULL, 8990000, 78, '2025-11-28', 1, '1003'),
    (49, 'Điện thoại HONOR X8c 8GB/256GB', 'https://cdn.tgdd.vn/2025/11/timerseo/335792-600x600-3.jpg', NULL, 4800000, 22, '2025-11-28', 1, '1003'),
    (50, 'Điện thoại iPhone 15 Plus 128GB', 'https://cdn.tgdd.vn/Products/Images/42/303891/iphone-15-plus-vang-126gb-thumb-600x600.jpg', NULL, 19590000, 79, '2025-11-28', 1, '1003'),
    (51, 'Đồng hồ Aries Gold AG-G9005A S-S', 'https://dangquangwatch.vn/upload/product_small/dong-ho-co-lo-may-chinh-hang-G9005A-S-S-880851365.jpg', NULL, 10150000, 53, '2025-11-28', 1, '1000'),
    (52, 'Đồng hồ Aries Gold AG-G9005A G-BK', 'https://dangquangwatch.vn/upload/product_small/dong-ho-co-lo-may-AG-G9005A-G-BKjpg2-1708553495.jpg', NULL, 12670000, 63, '2025-11-28', 1, '1000'),
    (53, 'Đồng hồ Atlantic Swiss AT-52851.45.25 Limited', 'https://dangquangwatch.vn/upload/product_small/dong-ho-thuy-sy-phien-ban-gioi-han-Atlantic-Swiss-AT-528514525-1809372511.jpg', NULL, 130000000, 73, '2025-11-28', 1, '1000'),
    (54, 'Đồng hồ Atlantic Swiss AT-52953.41.43 Limited', 'https://dangquangwatch.vn/upload/product_small/2038769342_dong-ho-thuy-sy-AT-5295341jpg2-1-629246413.jpg', NULL, 88000000, 53, '2025-11-28', 1, '1000'),
    (55, 'Đồng hồ Atlantic Swiss AT-52851.41.55GM Limited', 'https://dangquangwatch.vn/upload/product_small/2Dong-ho-Thuy-Sy-phien-ban-gioi-han-AT-528514155GM-1786397964.jpg', NULL, 120000000, 71, '2025-11-28', 1, '1000'),
    (56, 'Đồng hồ Atlantic Swiss AT-55853.41.95', 'https://dangquangwatch.vn/upload/product_small/dong-ho-thuy-sy-phien-ban-gioi-han-1505621907.jpg', NULL, 75000000, 93, '2025-11-28', 1, '1000'),
    (57, 'Đồng hồ Atlantic Swiss AT-58466.41.21', 'https://dangquangwatch.vn/upload/product_small/2dong-ho-nu-Thuy-Sy-Atlantic-swiss-AT-584664121-997623545.jpg', NULL, 19420000, 75, '2025-11-28', 1, '1000'),
    (58, 'Đồng hồ Atlantic Swiss AT-58466.41.51', 'https://dangquangwatch.vn/upload/product_small/2dong-ho-Thuy-Sy-Atlantic-swiss-AT-584664151-953724697.jpg', NULL, 19420000, 92, '2025-11-28', 1, '1000'),
    (59, 'Đồng hồ Atlantic Swiss AT-58466.45.61', 'https://dangquangwatch.vn/upload/product_small/2dong-ho-Thuy-Sy-Atlantic-swiss-AT-584664561-747777431.jpg', NULL, 24360000, 73, '2025-11-28', 1, '1000'),
    (60, 'Đồng hồ Atlantic Swiss AT-52783.41.51', 'https://dangquangwatch.vn/upload/product_small/2dong-ho-Thuy-Sy-Atlantic-swiss-AT-527834151-1051184621.jpg', NULL, 37030000, 81, '2025-11-28', 1, '1000'),
    (61, 'Đồng hồ Atlantic Swiss AT-52788.41.51', 'https://dangquangwatch.vn/upload/product_small/2dong-ho-Thuy-Sy-Atlantic-swiss-AT-527884151-634307144.jpg', NULL, 39020000, 69, '2025-11-28', 1, '1000'),
    (62, 'Đồng hồ Atlantic Swiss AT-52851.44.25 Limited', 'https://dangquangwatch.vn/upload/product_small/1436365136_dong-ho-thuy-sy-AT-528514425-1703789169-230338025.jpg', NULL, 130000000, 50, '2025-11-28', 1, '1000'),
    (63, 'Đồng hồ Tsar Bomba TB8222C-02 Full Ceramic', 'https://dangquangwatch.vn/upload/product_small/Dong-ho-chinh-hang-Tsar-Bomba-TB8222C-02-683698751.jpg', NULL, 69000000, 73, '2025-11-28', 1, '1000'),
    (64, 'Đồng hồ Tsar Bomba TB8222C-03 Full Ceramic', 'https://dangquangwatch.vn/upload/product_small/Dong-ho-Tsar-Bomba-TB8222C-03-340886960.jpg', NULL, 69000000, 53, '2025-11-28', 1, '1000'),
    (65, 'Đồng hồ Tsar Bomba TB8605-01 Carbon', 'https://dangquangwatch.vn/upload/product_small/dong-ho-Tsar-Bomba-TB8605-01-333463592.jpg', NULL, 26250000, 87, '2025-11-28', 1, '1000'),
    (66, 'Máy ảnh Canon EOS R50', 'https://cdn2.cellphones.com.vn/insecure/rs:fill:358:358/q:90/plain/https://cellphones.com.vn/media/catalog/product/m/a/may-anh-canon-eos-r50_5_.png', NULL, 18990000, 57, '2025-11-28', 1, '1002'),
    (67, 'Máy ảnh kỹ thuật số Sony ZV-E10', 'https://cdn2.cellphones.com.vn/insecure/rs:fill:358:358/q:90/plain/https://cellphones.com.vn/media/catalog/product/m/a/may-anh-sony-zv-e10-0.png', NULL, 14290000, 90, '2025-11-28', 1, '1002'),
    (68, 'Máy ảnh Canon EOS R100', 'https://cdn2.cellphones.com.vn/insecure/rs:fill:358:358/q:90/plain/https://cellphones.com.vn/media/catalog/product/m/a/may-anh-canon-eos-r100_4_.png', NULL, 13290000, 90, '2025-11-28', 1, '1002'),
    (69, 'Máy ảnh Fujifilm Instax Mini Evo', 'https://cdn2.cellphones.com.vn/insecure/rs:fill:358:358/q:90/plain/https://cellphones.com.vn/media/catalog/product/m/a/may-anh-fujifilm-instax-mini-evo-0.png', NULL, 5090000, 89, '2025-11-28', 1, '1002'),
    (70, 'Máy ảnh Fujifilm Instax Mini 12 chụp ảnh lấy liền', 'https://cdn2.cellphones.com.vn/insecure/rs:fill:358:358/q:90/plain/https://cellphones.com.vn/media/catalog/product/m/a/may-anh-fujifilm-instax-camera-mini-12-ksp.png', NULL, 1890000, 57, '2025-11-28', 1, '1002'),
    (71, 'Máy ảnh kỹ thuật số Sony ILCE-6400 (Body Only)', 'https://cdn2.cellphones.com.vn/insecure/rs:fill:358:358/q:90/plain/https://cellphones.com.vn/media/catalog/product/m/_/m_y_nh_8_5.png', NULL, 17690000, 94, '2025-11-28', 1, '1002'),
    (72, 'Máy ảnh kỹ thuật số Sony ZV-1', 'https://cdn2.cellphones.com.vn/insecure/rs:fill:358:358/q:90/plain/https://cellphones.com.vn/media/catalog/product/m/a/may-anh-sony-zv-1-0.png', NULL, 15490000, 85, '2025-11-28', 1, '1002'),
    (73, 'Máy ảnh Canon EOS R8 (Body)', 'https://cdn2.cellphones.com.vn/insecure/rs:fill:358:358/q:90/plain/https://cellphones.com.vn/media/catalog/product/m/_/m_y_nh_3__3.png', NULL, 27990000, 93, '2025-11-28', 1, '1002'),
    (74, 'Máy ảnh Canon EOS RP (Body Only)', 'https://cdn2.cellphones.com.vn/insecure/rs:fill:358:358/q:90/plain/https://cellphones.com.vn/media/catalog/product/m/_/m_y_nh_9_16.png', NULL, 17990000, 70, '2025-11-28', 1, '1002'),
    (75, 'Máy ảnh kỹ thuật số Sony ILCE-6400M + Ống kính Zoom 18-135MM', 'https://cdn2.cellphones.com.vn/insecure/rs:fill:358:358/q:90/plain/https://cellphones.com.vn/media/catalog/product/m/_/m_y_nh_1__13.png', NULL, 25990000, 62, '2025-11-28', 1, '1002'),
    (76, 'Máy ảnh kỹ thuật số Fujifilm X-M5 (Only Body)', 'https://cdn2.cellphones.com.vn/insecure/rs:fill:358:358/q:90/plain/https://cellphones.com.vn/media/catalog/product/m/_/m_y_nh_9_49.png', NULL, 26490000, 66, '2025-11-28', 1, '1002'),
    (77, 'Máy ảnh Canon PowerShot G7 X Mark III', 'https://cdn2.cellphones.com.vn/insecure/rs:fill:358:358/q:90/plain/https://cellphones.com.vn/media/catalog/product/m/a/may-anh-canon-powershot-g7-x-mark-iii.png', NULL, 29990000, 85, '2025-11-28', 1, '1002'),
    (78, 'Máy ảnh kỹ thuật số Sony ILCE-6400K + Ống kính Power Zoom 16-55MM II', 'https://cdn2.cellphones.com.vn/insecure/rs:fill:358:358/q:90/plain/https://cellphones.com.vn/media/catalog/product/m/_/m_y_nh_8_7.png', NULL, 19290000, 69, '2025-11-28', 1, '1002'),
    (79, 'Máy ảnh kỹ thuật số Sony ZV-1F', 'https://cdn2.cellphones.com.vn/insecure/rs:fill:358:358/q:90/plain/https://cellphones.com.vn/media/catalog/product/m/a/may-anh-sony-zv-1f-0.png', NULL, 13990000, 65, '2025-11-28', 1, '1002'),
    (80, 'Máy ảnh Canon EOS R50 V (RF-S14-30mm f/4-6.3 IS STM PZ)', 'https://cdn2.cellphones.com.vn/insecure/rs:fill:358:358/q:90/plain/https://cellphones.com.vn/media/catalog/product/m/_/m_y_nh_9_57.png', NULL, 22990000, 95, '2025-11-28', 1, '1002'),
    (81, 'Film Fujifilm Instaxnt Colorfilm Mini (10x2/PK)', 'https://cdn2.cellphones.com.vn/insecure/rs:fill:358:358/q:90/plain/https://cellphones.com.vn/media/catalog/product/p/h/phim-fujifilm-instant-colorfilm-mini-10x2-pk_3_.png', NULL, 480000, 86, '2025-11-28', 1, '1002'),
    (82, 'Máy ảnh Canon EOS R6 Mark II (Body)', 'https://cdn2.cellphones.com.vn/insecure/rs:fill:358:358/q:90/plain/https://cellphones.com.vn/media/catalog/product/m/_/m_y_nh_1__8.png', NULL, 41990000, 84, '2025-11-28', 1, '1002'),
    (83, 'Máy ảnh kỹ thuật số Sony ZV1 II', 'https://cdn2.cellphones.com.vn/insecure/rs:fill:358:358/q:90/plain/https://cellphones.com.vn/media/catalog/product/m/a/may-anh-sony-zv-1-ii-0.png', NULL, 19590000, 63, '2025-11-28', 1, '1002'),
    (84, 'Máy ảnh kỹ thuật số Sony ZV-E10K', 'https://cdn2.cellphones.com.vn/insecure/rs:fill:358:358/q:90/plain/https://cellphones.com.vn/media/catalog/product/m/_/m_y_nh_9_59.png', NULL, 16590000, 81, '2025-11-28', 1, '1002'),
    (85, 'Máy ảnh Sony ZV-E10 II / ZV-E10M2', 'https://cdn2.cellphones.com.vn/insecure/rs:fill:358:358/q:90/plain/https://cellphones.com.vn/media/catalog/product/m/_/m_y_nh_1__10.png', NULL, 25990000, 74, '2025-11-28', 1, '1002'),
    (86, 'Lenovo Lecoo Pro 14 2025 Ryzen 7 H 255 RAM 32GB SSD 1TB 14" 2.8K 120Hz', 'https://trungtran.vn/images/products/2025/resized/lenovo_lecoo_pro_14_2025_(6).webp', NULL, 16790000, 73, '2025-11-28', 1, '1001'),
    (87, 'Acer Shadow Knight 6 i7 14650HX RAM 16GB SSD 1TB RTX 4060 16" 2.5K 240Hz', 'https://trungtran.vn/images/products/2025/resized/acer_shadow_sh16_72_7g42.webp', NULL, 26390000, 86, '2025-11-28', 1, '1001'),
    (88, 'ASUS TUF Gaming F16 FX607VJ-RL034W Core 5 210H RAM 16GB SSD 512GB RTX 3050 16" FHD+ 144Hz', 'https://trungtran.vn/images/products/2025/resized/ASUS_TUF_Gaming_F16_FX607VJ-RL034W_(6).webp', NULL, 20190000, 83, '2025-11-28', 1, '1001'),
    (89, 'Lenovo Lecoo 14 N155C 2025 i5 13420H RAM 16GB SSD 1TB 14" 2.2K 60Hz', 'https://trungtran.vn/images/products/2025/resized/LECOO_14_N155C.webp', NULL, 13990000, 95, '2025-11-28', 1, '1001'),
    (90, 'Asus Vivobook S16 S3607VA-RP056WS i7 13620H RAM 16GB SSD 512GB 16" FHD+ 60Hz', 'https://trungtran.vn/images/products/2025/resized/asus_vivobook_s16_s3607ca_va_product_photo_2s_cool_silver_03_2400x2400.webp', NULL, 18990000, 66, '2025-11-28', 1, '1001'),
    (91, 'ASUS TUF Gaming F16 FX608JH-RV039W 2025 i5 13450HX RAM 16GB SSD 1TB RTX 5050 16" FHD+ 100% sRGB 165Hz', 'https://trungtran.vn/images/products/2025/resized/asus_tuf_gaming_f16_02_l.webp', NULL, 29790000, 63, '2025-11-28', 1, '1001'),
    (92, 'Asus Vivobook 15 OLED A1505VA-MA466W i5 13500H RAM 16GB SSD 512GB 15.6" 2.8K OLED 100% DCI-P3 120Hz', 'https://trungtran.vn/images/products/2025/resized/vivobook_15_oled_x1505v_product_photo_1s_cool_silver_black_keyboard_05_3.webp', NULL, 15790000, 79, '2025-11-28', 1, '1001'),
    (93, 'ASUS TUF Gaming F16 FX607VJB-RL151W Core 5 210H RAM 16GB SSD 512GB RTX 3050 16" FHD+ 144Hz', 'https://trungtran.vn/images/products/2025/resized/asus_tuf_gaming_f16_fx607vj-rl034w_6-copy.webp', NULL, 21690000, 65, '2025-11-28', 1, '1001'),
    (94, 'ASUS ExpertBook P3 P3605CVA-PL0042W i5-13420H RAM 16GB SSD 512GB 16" 2.5K 144Hz', 'https://trungtran.vn/images/products/2025/resized/expertbook_p1_p1503cva_product_photo_1a_misty_grey_04_webcam_off_2400x2400_1-copy.webp', NULL, 17490000, 70, '2025-11-28', 1, '1001'),
    (95, 'Asus ExpertBook P3 P3405CVA-NZ0027W i5-13420H RAM 16GB SSD 512GB 14" 2.5K 144Hz', 'https://trungtran.vn/images/products/2025/resized/expertbook_p1_p1503cva_product_photo_1a_misty_grey_04_webcam_off_2400x2400_1-copy-copy.webp', NULL, 17590000, 79, '2025-11-28', 1, '1001'),
    (96, 'Gigabyte Gaming A16 GA6H CMHH2VN893SH i5-13420H RAM 16GB SSD 512GB RTX™ 4050 16" FHD+ 165Hz', 'https://trungtran.vn/images/products/2025/resized/gigabyte_gaming_a16_2023_(10).webp', NULL, 21990000, 85, '2025-11-28', 1, '1001'),
    (97, 'Lenovo IdeaPad 5 Pro 2024 AMD Ryzen 7 8745H RAM 24GB SSD 1TB 2.8K OLED 120Hz (Lenovo XiaoXin Pro 14)', 'https://trungtran.vn/images/products/2025/resized/ideapad_5_pro_14_ahp9_thumbnail-copy.webp', NULL, 17990000, 51, '2025-11-28', 1, '1001'),
    (98, 'Lenovo Legion 5 Y7000 15IRX10 2025 i7 14650HX RAM 16GB SSD 512GB RTX 5060 15.3" 2.5K 180Hz', 'https://trungtran.vn/images/products/2025/resized/legion_5_15irx10_2025_(3)(1).webp', NULL, 31990000, 79, '2025-11-28', 1, '1001'),
    (99, 'Lenovo IdeaPad Slim 3 14IRH10 83K00008VN 2025 i5 13420H RAM 16GB SSD 512GB 14" FHD+', 'https://trungtran.vn/images/products/2025/resized/IdeaPad_Slim_3_14IRH10_CT2_08.webp', NULL, 14590000, 69, '2025-11-28', 1, '1001'),
    (100, 'Gigabyte Gaming A16 GA6H CMHI2VN893SH i7-13620H RAM 16GB SSD 512GB RTX™ 4050 16" FHD+ 165Hz', 'https://trungtran.vn/images/products/2025/resized/gigabyte_gaming_a16_2023_10-copy.webp', NULL, 23990000, 76, '2025-11-28', 1, '1001'),
    (101, 'Lenovo IdeaPad Slim 5 16 2025 Ryzen 7 H 255 RAM 24GB SSD 1TB 16" 2.8K OLED 120Hz (Lenovo XiaoXin Pro 16c AHP10R)', 'https://trungtran.vn/images/products/2025/resized/ideapad_slim_5_16_2025_xiaoxin_pro_16c_akp10_(5).webp', NULL, 21490000, 86, '2025-11-28', 1, '1001'),
    (102, 'HP ZBook X G1i 16 2025 Ultra 7 255H RAM 32GB SSD 1TB 16" 2.5K 120Hz', 'https://trungtran.vn/images/products/2025/resized/hp_zbook_x_g1i_16_2025_(8).webp', NULL, 28990000, 54, '2025-11-28', 1, '1001'),
    (103, 'HP OMEN 16 2025 i7 14650HX RAM 16GB SSD 1TB RTX 5060 16" 2.5K 240Hz', 'https://trungtran.vn/images/products/2025/resized/HP_OMEN_16_THUMBNAIL.webp', NULL, 31990000, 76, '2025-11-28', 1, '1001'),
    (104, 'Lenovo Lecoo Fighter 7000 2025 i7 14650HX RAM 16GB SSD 1TB RTX 5060 16" 2.5K 180Hz', 'https://trungtran.vn/images/products/2025/resized/lenovo_lecoo_fighter_7000_2025_(1).webp', NULL, 28890000, 92, '2025-11-28', 1, '1001'),
    (105, 'Lenovo IdeaPad Slim 3 15 2025 Ryzen 7 8745HS RAM 16GB SSD 512GB 15.1" 2.5K OLED 165Hz (Lenovo XiaoXin 15c AHP10)', 'https://trungtran.vn/images/products/2025/resized/Ideapad_slim_3_15cAHP10_2025 (4).webp', NULL, 16990000, 64, '2025-11-28', 1, '1001'),
    (106, 'Asus ROG Zephyrus G14 GA403WM-QS051WS Ryzen AI 9 HX 370 RAM 32GB SSD 1TB RTX 5060 14" 3K OLED 120Hz | Eclipse Gray', 'https://trungtran.vn/images/products/2025/resized/zephyrus_g14_grey_05_rgb_1.webp', NULL, 51290000, 75, '2025-11-28', 1, '1001'),
    (107, 'Thinkbook 14 G7+ 2025 AMD Ryzen 7 H 255 RAM 24GB SSD 512GB 14.5" 2.5K 100%sRGB 90Hz', 'https://trungtran.vn/images/products/2025/resized/thinkbook_14_g7_plus_akp_21th_7-copy.webp', NULL, 19390000, 78, '2025-11-28', 1, '1001'),
    (108, 'Lenovo Lecoo Fighter 7000 2025 Ryzen 9 8940HX RAM 16GB SSD 1TB RTX 5060 16" 2.5K 180Hz', 'https://trungtran.vn/images/products/2025/resized/lenovo_lecoo_fighter_7000_amd_(11).webp', NULL, 28590000, 82, '2025-11-28', 1, '1001'),
    (109, 'Thinkbook 16 G7+ 2025 AMD Ryzen 7 H 255 RAM 24GB SSD 512GB 16" 2.5K 100%sRGB 120Hz', 'https://trungtran.vn/images/products/2025/resized/thinkbook_16_g7_plus_2025_21tj_ai_7_h-9-copy.webp', NULL, 19790000, 91, '2025-11-28', 1, '1001'),
    (110, 'Mũ MLB New York Yankees Diamond Adjustable Hat In Black', 'https://cdn.vuahanghieu.com/unsafe/0x500/left/top/smart/filters:quality(90)/https://admin.vuahanghieu.com/upload/product/2019/11/mu-mlb-new-york-yankees-diamond-adjustable-hat-in-black-5dcf6f33ea823-16112019103827.jpg', NULL, 890000, 46, '2025-11-28', 1, '1006'),
    (111, 'Mũ MLB Bucket Basic Summer Knit Dome Hat LA 3ATH3803N-07CRS Màu Trắng Kem', 'https://cdn.vuahanghieu.com/unsafe/0x500/left/top/smart/filters:quality(90)/https://admin.vuahanghieu.com/upload/product/2025/04/mu-mlb-bucket-basic-summer-knit-dome-hat-la-3aht3803n-07crs-mau-trang-kem-67f734ca1be8b-10042025100234.jpg', NULL, 799000, 48, '2025-11-28', 1, '1006'),
    (112, 'Mũ MLB Rookie Ball Cap LA Dodgers 3ACP7701N-07BKS Màu Đen', 'https://cdn.vuahanghieu.com/unsafe/0x500/left/top/smart/filters:quality(90)/https://admin.vuahanghieu.com/upload/product/2022/04/mu-mlb-rookie-ball-cap-la-dodgers-3acp7701n-07bks-mau-den-625faa93b1aba-20042022133915.jpg', NULL, 850000, 14, '2025-11-28', 1, '1006'),
    (113, 'Mũ MLB Unisex New York Yankees CP77 Màu Đen - 3ACP7701NK0010', 'https://cdn.vuahanghieu.com/unsafe/0x500/left/top/smart/filters:quality(90)/https://admin.vuahanghieu.com/upload/product/2020/06/mu-mlb-unisex-new-york-yankees-cp77-mau-den-5efab8434f811-30062020105755.jpg', NULL, 850000, 29, '2025-11-28', 1, '1006'),
    (114, 'Mũ Nữ Guoo Bear GH006-57910 Màu Xanh Dương', 'https://cdn.vuahanghieu.com/unsafe/0x500/left/top/smart/filters:quality(90)/https://admin.vuahanghieu.com/upload/product/2025/11/mu-nu-guoo-bear-gh006-57910-mau-xanh-duong-691ae6c448318-17112025161132.jpg', NULL, 365000, 16, '2025-11-28', 1, '1006'),
    (115, 'Mũ Nam Lacoste Men''s Tennis x Novak Djokovic Cap RK2450-51-3FB Màu Xanh Blue', 'https://cdn.vuahanghieu.com/unsafe/0x500/left/top/smart/filters:quality(90)/https://admin.vuahanghieu.com/upload/product/2025/11/mu-nam-lacoste-men-s-tennis-x-novak-djokovic-cap-rk2450-51-3fb-mau-xanh-blue-691558d9a803d-13112025110441.jpg', NULL, 1096000, 18, '2025-11-28', 1, '1006'),
    (116, 'Mũ Nam Lacoste Sport Men''s Printed Cap RK7411-51-5SX Màu Đỏ', 'https://cdn.vuahanghieu.com/unsafe/0x500/left/top/smart/filters:quality(90)/https://admin.vuahanghieu.com/upload/product/2025/11/mu-nam-lacoste-sport-men-s-printed-cap-rk7411-51-5sx-mau-do-6915542328630-13112025104435.jpg', NULL, 1573000, 32, '2025-11-28', 1, '1006'),
    (117, 'Mũ MLB Vintage Color Washed Unstructured Ball Cap NY Yankees 3ACPV185N-50COS Màu San Hô', 'https://cdn.vuahanghieu.com/unsafe/0x500/left/top/smart/filters:quality(90)/https://admin.vuahanghieu.com/upload/product/2025/11/mu-mlb-vintage-color-washed-unstructured-ball-cap-ny-yankees-3acpv185n-50cos-mau-san-ho-6911a4c589707-10112025153933.jpg', NULL, 1300000, 75, '2025-11-28', 1, '1006'),
    (118, 'Mũ MLB Monogram Classic Jacquard Bucket Hat LA Dodger 3AHTW0126K0002 Màu Đen Size 57', 'https://cdn.vuahanghieu.com/unsafe/0x500/left/top/smart/filters:quality(90)/https://admin.vuahanghieu.com/upload/product/2024/06/mu-mlb-monogram-classic-jacquard-bucket-hat-la-dodger-3ahth301n-07bks-mau-den-666fe8c691f9a-17062024144158.jpg', NULL, 1190000, 2, '2025-11-28', 1, '1006'),
    (119, 'Mũ Coach 1941 Embroidered Denim Bucket Hat CS576 Màu Đen', 'https://cdn.vuahanghieu.com/unsafe/0x500/left/top/smart/filters:quality(90)/https://admin.vuahanghieu.com/upload/product/2025/10/mu-coach-1941-embroidered-denim-bucket-hat-cs576-mau-den-68fb475faedfe-24102025163111.jpg', NULL, 2190000, 81, '2025-11-28', 1, '1006'),
    (120, 'Mũ Coach Script Embroidered Denim Bucket Hat CCQ60 Màu Xanh Chàm', 'https://cdn.vuahanghieu.com/unsafe/0x500/left/top/smart/filters:quality(90)/https://admin.vuahanghieu.com/upload/product/2025/10/mu-coach-script-embroidered-denim-bucket-hat-ccq60-mau-xanh-cham-68fb4a05b0bca-24102025164229.jpg', NULL, 2190000, 43, '2025-11-28', 1, '1006'),
    (121, 'Mũ Bucket Versace Jeans Couture Màu Đen Size 56', 'https://cdn.vuahanghieu.com/unsafe/0x500/left/top/smart/filters:quality(90)/https://admin.vuahanghieu.com/upload/product/2025/07/mu-bucket-versace-jeans-couture-mau-den-size-56-6881932ef1703-24072025085806.jpg', NULL, 1900000, 100, '2025-11-28', 1, '1006'),
    (122, 'Bleu De Chanel EDP', 'https://orchard.vn/wp-content/uploads/2025/06/chanel-bleu-de-chanel-edp-100-ml_gift-052025.webp', NULL, 3780000, 49, '2025-11-28', 1, '1004'),
    (123, 'Sauvage EDP', 'https://orchard.vn/wp-content/uploads/2025/06/dior-sauvage-edp-100-ml_gift-052025.webp', NULL, 3280000, 15, '2025-11-28', 1, '1004'),
    (124, 'Acqua Di Gio Pour Homme EDT', 'https://orchard.vn/wp-content/uploads/2025/06/giorgio-armani-acqua-di-gio-pour-homme-edt-100-ml_gift-052025.webp', NULL, 1780000, 36, '2025-11-28', 1, '1004'),
    (125, 'Eros EDT', 'https://orchard.vn/wp-content/uploads/2025/06/versace-eros-edt-100-ml_gift-052025.webp', NULL, 1780000, 10, '2025-11-28', 1, '1004'),
    (126, 'Y EDP', 'https://orchard.vn/wp-content/uploads/2025/06/yves-saint-laurent-y-edp-100-ml_gift-052025.webp', NULL, 2680000, 42, '2025-11-28', 1, '1004'),
    (127, 'Club De Nuit Intense Man EDT', 'https://orchard.vn/wp-content/uploads/2025/06/armaf-club-de-nuit-intense-man-edt-105-ml_gift-052025.webp', NULL, 880000, 87, '2025-11-28', 1, '1004'),
    (128, 'Sauvage EDT', 'https://orchard.vn/wp-content/uploads/2025/06/dior-sauvage-edt-100-ml_gift-052025.webp', NULL, 3180000, 46, '2025-11-28', 1, '1004'),
    (129, 'Allure Homme Sport EDT', 'https://orchard.vn/wp-content/uploads/2025/06/chanel-allure-homme-sport-edt-100-ml_gift-052025.webp', NULL, 3280000, 93, '2025-11-28', 1, '1004'),
    (130, 'Homme Intense EDP', 'https://orchard.vn/wp-content/uploads/2025/06/dior-homme-intense-edp-100-ml_gift-052025.webp', NULL, 3580000, 36, '2025-11-28', 1, '1004'),
    (131, 'Allure Homme Sport Eau Extreme EDP', 'https://orchard.vn/wp-content/uploads/2025/06/chanel-allure-homme-sport-eau-extreme-edp-100-ml_gift-052025.webp', NULL, 3580000, 46, '2025-11-28', 1, '1004'),
    (132, 'Pour Homme EDT', 'https://orchard.vn/wp-content/uploads/2025/06/versace-pour-homme-edt-100-ml_gift-052025.webp', NULL, 1380000, 17, '2025-11-28', 1, '1004'),
    (133, 'Dylan Blue EDT', 'https://orchard.vn/wp-content/uploads/2025/06/versace-dylan-blue-edt-100-ml_gift-052025.webp', NULL, 1580000, 23, '2025-11-28', 1, '1004'),
    (134, 'Aqva Pour Homme EDT', 'https://orchard.vn/wp-content/uploads/2025/06/bvlgari-aqva-pour-homme-edt-100-ml_gift-052025.webp', NULL, 2380000, 70, '2025-11-28', 1, '1004'),
    (135, 'Dolce & Gabbana Light Blue Forever Pour Homme EDP', 'https://orchard.vn/wp-content/uploads/2025/06/dolce-gabbana-light-blue-forever-pour-homme-edp-100-ml_gift-052025.webp', NULL, 2580000, 54, '2025-11-28', 1, '1004'),
    (136, 'Voyage EDT', 'https://orchard.vn/wp-content/uploads/2025/06/nautica-voyage-edt-100-ml_gift-052025.webp', NULL, 680000, 83, '2025-11-28', 1, '1004'),
    (137, 'Voyage Sport EDT', 'https://orchard.vn/wp-content/uploads/2025/04/nautica-voyage-sport-edt-1.webp', NULL, 680000, 86, '2025-11-28', 1, '1004'),
    (138, 'Supremacy Silver EDP', 'https://orchard.vn/wp-content/uploads/2025/06/afnan-supremacy-silver-edp-100-ml_gift-052025.webp', NULL, 880000, 82, '2025-11-28', 1, '1004'),
    (139, 'Acqua di Gio EDP', 'https://orchard.vn/wp-content/uploads/2025/06/giorgio-armani-acqua-di-gio-edp-125-ml_gift-052025.webp', NULL, 2480000, 42, '2025-11-28', 1, '1004'),
    (140, 'Acqua Di Gio Profondo EDP', 'https://orchard.vn/wp-content/uploads/2020/08/giorgio-armani-acqua-di-gio-profondo_1-300x300.jpg', NULL, 2980000, 86, '2025-11-28', 1, '1004'),
    (141, 'La Nuit De L’Homme EDT', 'https://orchard.vn/wp-content/uploads/2025/06/yves-saint-laurent-la-nuit-de-l-homme-edt-100-ml_gift-052025.webp', NULL, 2080000, 51, '2025-11-28', 1, '1004'),
    (142, 'Bleu De Chanel Parfum', 'https://orchard.vn/wp-content/uploads/2025/06/chanel-bleu-de-chanel-parfum-100-ml_gift-052025.webp', NULL, 4080000, 16, '2025-11-28', 1, '1004'),
    (143, 'Viktor & Rolf Spicebomb Extreme EDP', 'https://orchard.vn/wp-content/uploads/2025/06/viktor-rolf-spicebomb-extreme-edp-90-ml_gift-052025.webp', NULL, 1980000, 100, '2025-11-28', 1, '1004'),
    (144, 'Sauvage Elixir EDP', 'https://orchard.vn/wp-content/uploads/2025/06/dior-sauvage-elixir-edp-100-ml_gift-052025.webp', NULL, 4980000, 48, '2025-11-28', 1, '1004'),
    (145, 'Dolce & Gabbana The One EDP', 'https://orchard.vn/wp-content/uploads/2025/06/dolce-gabbana-the-one-edp-100-ml_gift-052025.webp', NULL, 1980000, 79, '2025-11-28', 1, '1004'),
    (146, 'Terre D’Hermès EDT', 'https://orchard.vn/wp-content/uploads/2025/06/hermes-terre-d-hermes-edt-100-ml_gift-052025.webp', NULL, 1980000, 88, '2025-11-28', 1, '1004'),
    (147, 'Explorer EDP', 'https://orchard.vn/wp-content/uploads/2025/06/montblanc-explorer-edp-100-ml_gift-052025.webp', NULL, 1480000, 87, '2025-11-28', 1, '1004'),
    (148, 'For Her EDP', 'https://orchard.vn/wp-content/uploads/2025/06/narciso-rodriguez-for-her-edp-100-ml_gift-052025.webp', NULL, 1980000, 7, '2025-11-28', 1, '1004'),
    (149, 'Bloom EDP', 'https://orchard.vn/wp-content/uploads/2025/06/gucci-bloom-edp-100-ml_gift-052025.webp', NULL, 2280000, 86, '2025-11-28', 1, '1004'),
    (150, 'Libre EDP', 'https://orchard.vn/wp-content/uploads/2025/06/yves-saint-laurent-libre-edp-90-ml_gift-052025.webp', NULL, 2980000, 49, '2025-11-28', 1, '1004'),
    (151, 'Libre EDP Intense', 'https://orchard.vn/wp-content/uploads/2025/06/yves-saint-laurent-libre-edp-intense-90-ml_gift-052025.webp', NULL, 2980000, 4, '2025-11-28', 1, '1004'),
    (152, 'Libre Le Parfum EDP', 'https://orchard.vn/wp-content/uploads/2025/06/yves-saint-laurent-libre-le-parfum-edp-90-ml_gift-052025.webp', NULL, 1980000, 72, '2025-11-28', 1, '1004'),
    (153, 'Bright Crystal EDT', 'https://orchard.vn/wp-content/uploads/2025/06/versace-bright-crystal-edt-90-ml_gift-052025.webp', NULL, 1580000, 40, '2025-11-28', 1, '1004'),
    (154, 'Bright Crystal Absolu EDP', 'https://orchard.vn/wp-content/uploads/2025/06/versace-bright-crystal-absolu-edp-90-ml_gift-052025.webp', NULL, 1580000, 62, '2025-11-28', 1, '1004'),
    (155, 'Club De Nuit Woman EDP', 'https://orchard.vn/wp-content/uploads/2025/06/armaf-club-de-nuit-woman-edp-105-ml_gift-052025.webp', NULL, 848000, 11, '2025-11-28', 1, '1004'),
    (156, 'Coco Mademoiselle EDP', 'https://orchard.vn/wp-content/uploads/2025/06/chanel-coco-mademoiselle-edp-100-ml_gift-052025.webp', NULL, 4480000, 54, '2025-11-28', 1, '1004'),
    (157, 'Dolce & Gabbana Light Blue Eau Intense EDP', 'https://orchard.vn/wp-content/uploads/2025/06/dolce-gabbana-light-blue-eau-intense-edp-100-ml_gift-052025.webp', NULL, 2280000, 9, '2025-11-28', 1, '1004'),
    (158, 'Coco Mademoiselle EDP Intense', 'https://orchard.vn/wp-content/uploads/2025/06/chanel-coco-mademoiselle-edp-intense-100-ml_gift-052025.webp', NULL, 4580000, 38, '2025-11-28', 1, '1004'),
    (159, 'J’adore EDP', 'https://orchard.vn/wp-content/uploads/2025/06/dior-j-adore-edp-100-ml_gift-052025.webp', NULL, 3980000, 90, '2025-11-28', 1, '1004'),
    (160, 'J’adore Infinissime EDP', 'https://orchard.vn/wp-content/uploads/2020/07/dior-jadore-infinissime-edp_1-300x300.jpg', NULL, 3380000, 16, '2025-11-28', 1, '1004'),
    (161, 'J’adore Parfum d’Eau', 'https://orchard.vn/wp-content/uploads/2024/07/dior-jadore-parfum-d-eau-edp_1-300x300.jpg', NULL, 3580000, 43, '2025-11-28', 1, '1004'),
    (162, 'Miss Dior EDP', 'https://orchard.vn/wp-content/uploads/2025/06/dior-miss-dior-edp-2021-100-ml_gift-052025.webp', NULL, 3680000, 54, '2025-11-28', 1, '1004'),
    (163, 'Miss Dior Parfum', 'https://orchard.vn/wp-content/uploads/2025/06/dior-miss-dior-parfum-80-ml_gift-052025.webp', NULL, 3780000, 78, '2025-11-28', 1, '1004'),
    (164, 'Miss Dior Blooming Bouquet EDT', 'https://orchard.vn/wp-content/uploads/2025/06/dior-miss-dior-blooming-bouquet-edt-100-ml_gift-052025.webp', NULL, 3480000, 50, '2025-11-28', 1, '1004'),
    (165, 'Cool Water Woman EDT', 'https://orchard.vn/wp-content/uploads/2025/06/davidoff-cool-water-woman-edt-100-ml_gift-052025.webp', NULL, 780000, 12, '2025-11-28', 1, '1004'),
    (166, 'Dolce & Gabbana Light Blue EDT', 'https://orchard.vn/wp-content/uploads/2024/08/dolce-and-gabbana-light-blue-edt_1-300x300.jpg', NULL, 1680000, 1, '2025-11-28', 1, '1004'),
    (167, 'Dolce & Gabbana Light Blue Eau Intense Pour Homme EDP', 'https://orchard.vn/wp-content/uploads/2025/06/dolce-gabbana-light-blue-eau-intense-pour-homme-edp-100-ml_gift-052025.webp', NULL, 1980000, 46, '2025-11-28', 1, '1004'),
    (168, 'Dolce & Gabbana Light Blue Pour Homme EDT', 'https://orchard.vn/wp-content/uploads/2025/06/dolce-gabbana-light-blue-pour-homme-edt-125-ml_gift-052025.webp', NULL, 1580000, 60, '2025-11-28', 1, '1004'),
    (169, 'Love Story EDP', 'https://orchard.vn/wp-content/uploads/2025/06/chloe-love-story-edp-75-ml_gift-052025.webp', NULL, 1780000, 56, '2025-11-28', 1, '1004'),
    (170, 'Nomade EDP', 'https://orchard.vn/wp-content/uploads/2024/07/chloe-nomade-edp_1-300x300.jpg', NULL, 1980000, 79, '2025-11-28', 1, '1004'),
    (171, 'Daisy EDT', 'https://orchard.vn/wp-content/uploads/2025/06/marc-jacobs-daisy-edt-100-ml_gift-052025.webp', NULL, 1580000, 42, '2025-11-28', 1, '1004'),
    (172, 'Daisy Dream EDT', 'https://orchard.vn/wp-content/uploads/2025/06/marc-jacobs-daisy-dream-edt-100-ml_gift-052025.webp', NULL, 1680000, 15, '2025-11-28', 1, '1004'),
    (173, 'Daisy Love EDT', 'https://orchard.vn/wp-content/uploads/2025/06/marc-jacobs-daisy-love-edt-100-ml_gift-052025.webp', NULL, 1680000, 10, '2025-11-28', 1, '1004'),
    (174, 'Good Girl EDP', 'https://orchard.vn/wp-content/uploads/2025/06/carolina-herrera-good-girl-edp-80-ml_gift-052025.webp', NULL, 2380000, 69, '2025-11-28', 1, '1004'),
    (175, 'For Her Pure Musc EDP', 'https://orchard.vn/wp-content/uploads/2025/06/narciso-rodriguez-for-her-pure-musc-edp-100-ml_gift-052025.webp', NULL, 2280000, 25, '2025-11-28', 1, '1004'),
    (176, 'For Her Fleur Musc EDP', 'https://orchard.vn/wp-content/uploads/2025/06/narciso-rodriguez-for-her-fleur-musc-edp-100-ml_gift-052025.webp', NULL, 1980000, 13, '2025-11-28', 1, '1004'),
    (177, 'For Her Musc Noir Rose EDP', 'https://orchard.vn/wp-content/uploads/2025/06/narciso-rodriguez-for-her-musc-noir-rose-edp-100-ml_gift-052025.webp', NULL, 1980000, 39, '2025-11-28', 1, '1004'),
    (178, 'Bloom Ambrosia Di Fiori EDP', 'https://orchard.vn/wp-content/uploads/2025/06/gucci-bloom-ambrosia-di-fiori-edp-100-ml_gift-052025.webp', NULL, 2280000, 3, '2025-11-28', 1, '1004'),
    (179, 'Flora Gorgeous Gardenia EDP', 'https://orchard.vn/wp-content/uploads/2025/06/gucci-flora-gorgeous-gardenia-edp-100-ml_gift-052025.webp', NULL, 2280000, 73, '2025-11-28', 1, '1004'),
    (180, 'Idôle EDP', 'https://orchard.vn/wp-content/uploads/2019/10/lancome-idole_1-300x300.png', NULL, 2580000, 81, '2025-11-28', 1, '1004'),
    (181, 'La Vie Est Belle EDP', 'https://orchard.vn/wp-content/uploads/2025/06/lancome-la-vie-est-belle-edp-100-ml_gift-052025.webp', NULL, 2480000, 74, '2025-11-28', 1, '1004'),
    (182, 'Miracle EDP', 'https://orchard.vn/wp-content/uploads/2025/06/lancome-miracle-edp-100-ml_gift-052025.webp', NULL, 1980000, 92, '2025-11-28', 1, '1004'),
    (183, 'Trésor La Nuit EDP', 'https://orchard.vn/wp-content/uploads/2025/06/lancome-la-nuit-tresor-edp-100-ml_gift-052025.webp', NULL, 2380000, 46, '2025-11-28', 1, '1004'),
    (184, 'Trésor EDP', 'https://orchard.vn/wp-content/uploads/2025/06/lancome-tresor-edp-100-ml_gift-052025.webp', NULL, 2380000, 29, '2025-11-28', 1, '1004'),
    (185, '9AM EDP', 'https://orchard.vn/wp-content/uploads/2025/04/afnan-9am-edp.webp', NULL, 780000, 15, '2025-11-28', 1, '1004'),
    (186, 'Signature EDP', 'https://orchard.vn/wp-content/uploads/2025/06/montblanc-signature-edp-90-ml_gift-052025.webp', NULL, 1480000, 8, '2025-11-28', 1, '1004'),
    (187, 'Black Opium EDP', 'https://orchard.vn/wp-content/uploads/2025/06/yves-saint-laurent-black-opium-edp-30-ml_gift-052025.webp', NULL, 2780000, 53, '2025-11-28', 1, '1004'),
    (188, 'L’Ambre Des Merveilles EDP', 'https://orchard.vn/wp-content/uploads/2025/06/hermes-l-ambre-des-merveilles-edp-100-ml_gift-052025.webp', NULL, 2480000, 51, '2025-11-28', 1, '1004'),
    (189, 'Scandal EDP', 'https://orchard.vn/wp-content/uploads/2025/06/jean-paul-gaultier-scandal-edp-80-ml_gift-052025.webp', NULL, 2180000, 95, '2025-11-28', 1, '1004'),
    (190, 'So Scandal EDP', 'https://orchard.vn/wp-content/uploads/2025/06/jean-paul-gaultier-so-scandal-edp-80-ml_gift-052025.webp', NULL, 2680000, 21, '2025-11-28', 1, '1004'),
    (191, 'Scandal Le Parfum EDP Intense', 'https://orchard.vn/wp-content/uploads/2025/06/jean-paul-gaultier-scandal-le-parfum-edp-intense-80-ml_gift-052025.webp', NULL, 2780000, 4, '2025-11-28', 1, '1004'),
    (192, 'Delina EDP', 'https://orchard.vn/wp-content/uploads/2025/06/parfums-de-marly-delina-edp-75-ml_gift-052025.webp', NULL, 4980000, 78, '2025-11-28', 1, '1004'),
    (193, 'English Pear & Freesia Cologne', 'https://orchard.vn/wp-content/uploads/2025/06/jo-malone-english-pear-freesia-cologne-100-ml_gift-052025.webp', NULL, 2580000, 79, '2025-11-28', 1, '1004'),
    (194, 'Peony & Blush Suede Cologne', 'https://orchard.vn/wp-content/uploads/2025/06/jo-malone-english-pear-freesia-cologne-100-ml_gift-052025.webp', NULL, 2780000, 8, '2025-11-28', 1, '1004'),
    (195, 'Good Girl Gone Bad EDP', 'https://orchard.vn/wp-content/uploads/2023/08/nuoc-hoa-nu-kilian-good-girl-gone-bad-eau-de-parfum-edp-50ml-khong-hom.webp', NULL, 5480000, 82, '2025-11-28', 1, '1004'),
    (196, 'Black Phantom EDP', 'https://orchard.vn/wp-content/uploads/2025/06/kilian-black-phantom-edp-50-ml_gift-052025.webp', NULL, 5380000, 50, '2025-11-28', 1, '1004'),
    (197, 'Acqua Di Gio Profumo EDP', 'https://orchard.vn/wp-content/uploads/2015/05/giorgio-armani-acqua-di-gio-profumo-edp_1-300x300.jpg', NULL, 3680000, 14, '2025-11-28', 1, '1004'),
    (198, 'Acqua di Gio Absolu EDP', 'https://orchard.vn/wp-content/uploads/2018/04/giorgio-armani-acqua-di-gio-absolu_1-300x300.jpg', NULL, 3180000, 68, '2025-11-28', 1, '1004'),
    (199, 'Maison Francis Kurkdjian Baccarat Rouge 540 Extrait De Parfum', 'https://orchard.vn/wp-content/uploads/2025/06/maison-francis-kurkdjian-paris-baccarat-rouge-540-extrait-de-parfum-70-ml_gift-052025.webp', NULL, 8980000, 79, '2025-11-28', 1, '1004'),
    (200, 'Maison Francis Kurkdjian Baccarat Rouge 540 EDP', 'https://orchard.vn/wp-content/uploads/2025/06/maison-francis-kurkdjian-paris-baccarat-rouge-540-edp-70-ml_gift-052025.webp', NULL, 6280000, 87, '2025-11-28', 1, '1004'),
    (201, 'CK One EDT', 'https://orchard.vn/wp-content/uploads/2025/06/calvin-klein-ck-one-edt-mini-10-ml_gift-052025.webp', NULL, 548000, 8, '2025-11-28', 1, '1004'),
    (202, 'CK Be EDT', 'https://orchard.vn/wp-content/uploads/2025/06/calvin-klein-ck-be-edt-100-ml_gift-052025.webp', NULL, 548000, 67, '2025-11-28', 1, '1004'),
    (203, 'Uomo Intense EDP', 'https://orchard.vn/wp-content/uploads/2025/06/valentino-uomo-intense-edp-100-ml_gift-052025.webp', NULL, 2680000, 1, '2025-11-28', 1, '1004'),
    (204, 'Donna EDP', 'https://orchard.vn/wp-content/uploads/2025/06/valentino-donna-edp-100-ml_gift-052025.webp', NULL, 2280000, 43, '2025-11-28', 1, '1004'),
    (205, 'Donna Born in Roma EDP', 'https://orchard.vn/wp-content/uploads/2025/06/valentino-donna-born-in-roma-edp-100-ml_gift-052025.webp', NULL, 2580000, 9, '2025-11-28', 1, '1004'),
    (206, 'Victoria’s Secret Very Sexy 2018 EDP', 'https://orchard.vn/wp-content/uploads/2025/06/victoria-s-secret-very-sexy-2018-edp-100-ml_gift-052025.webp', NULL, 1780000, 61, '2025-11-28', 1, '1004'),
    (207, 'Omnia Amethyste EDT', 'https://orchard.vn/wp-content/uploads/2025/06/bvlgari-omnia-amethyste-edt-65-ml_gift-052025.webp', NULL, 2380000, 86, '2025-11-28', 1, '1004'),
    (208, 'Omnia Crystalline EDT', 'https://orchard.vn/wp-content/uploads/2025/06/bvlgari-omnia-crystalline-edt-65-ml_gift-052025.webp', NULL, 1980000, 64, '2025-11-28', 1, '1004'),
    (209, 'Another 13 EDP', 'https://orchard.vn/wp-content/uploads/2025/06/le-labo-another-13-100-ml_gift-052025.webp', NULL, 7880000, 27, '2025-11-28', 1, '1004'),
    (210, 'Santal 33 EDP', 'https://orchard.vn/wp-content/uploads/2025/06/le-labo-santal-33-100-ml_gift-052025.webp', NULL, 6980000, 1, '2025-11-28', 1, '1004'),
    (211, 'Replica Jazz Club EDT', 'https://orchard.vn/wp-content/uploads/2025/06/maison-margiela-replica-jazz-club-edt-100-ml_gift-052025.webp', NULL, 2280000, 34, '2025-11-28', 1, '1004'),
    (212, 'Portrait of a Lady EDP', 'https://orchard.vn/wp-content/uploads/2024/06/frederic-malle-portrait-of-a-lady_1-300x300.jpg', NULL, 6680000, 70, '2025-11-28', 1, '1004'),
    (213, 'Fleur De Peau EDP', 'https://orchard.vn/wp-content/uploads/2025/06/diptyque-fleur-de-peau-edp-75-ml_gift-052025.webp', NULL, 4180000, 51, '2025-11-28', 1, '1004'),
    (214, 'Angels’ Share EDP', 'https://orchard.vn/wp-content/uploads/2025/06/kilian-angels-share-edp-50-ml_gift-052025.webp', NULL, 4780000, 4, '2025-11-28', 1, '1004'),
    (215, 'Black Orchid EDP', 'https://orchard.vn/wp-content/uploads/2025/06/tom-ford-black-orchid-edp-100-ml_gift-052025.webp', NULL, 3280000, 44, '2025-11-28', 1, '1004'),
    (216, 'Black Orchid Parfum', 'https://orchard.vn/wp-content/uploads/2024/08/tom-ford-black-orchid-parfum_1-300x300.jpg', NULL, 4180000, 29, '2025-11-28', 1, '1004'),
    (217, 'Ombré Leather EDP', 'https://orchard.vn/wp-content/uploads/2025/06/tom-ford-ombre-leather-100-ml_gift-052025.webp', NULL, 3580000, 97, '2025-11-28', 1, '1004'),
    (218, 'Lost Cherry EDP', 'https://orchard.vn/wp-content/uploads/2025/06/tom-ford-lost-cherry-100-ml_gift-052025.webp', NULL, 5280000, 3, '2025-11-28', 1, '1004'),
    (219, 'Oud Wood EDP', 'https://orchard.vn/wp-content/uploads/2025/06/tom-ford-oud-wood-100-ml_gift-052025.webp', NULL, 5480000, 5, '2025-11-28', 1, '1004'),
    (220, 'Tobacco Vanille EDP', 'https://orchard.vn/wp-content/uploads/2025/06/tom-ford-tobacco-vanille-100-ml_gift-052025.webp', NULL, 7580000, 96, '2025-11-28', 1, '1004'),
    (221, 'Noir Extreme EDP', 'https://orchard.vn/wp-content/uploads/2025/06/tom-ford-noir-extreme-100-ml_gift-052025.webp', NULL, 3630000, 87, '2025-11-28', 1, '1004'),
    (222, 'Le Male Le Parfum EDP Intense', 'https://orchard.vn/wp-content/uploads/2025/06/jean-paul-gaultier-le-male-le-parfum-edp-intense-125-ml_gift-052025.webp', NULL, 2980000, 16, '2025-11-28', 1, '1004'),
    (223, 'Le Beau EDT', 'https://orchard.vn/wp-content/uploads/2025/06/jean-paul-gaultier-le-beau-edt-125-ml_gift-052025.webp', NULL, 1980000, 20, '2025-11-28', 1, '1004'),
    (224, 'Le Male EDT', 'https://orchard.vn/wp-content/uploads/2025/06/jean-paul-gaultier-le-male-edt-125-ml_gift-052025.webp', NULL, 1780000, 93, '2025-11-28', 1, '1004'),
    (225, 'Armani Code EDT', 'https://orchard.vn/wp-content/uploads/2025/06/giorgio-armani-armani-code-edt-125-ml_gift-052025.webp', NULL, 2280000, 96, '2025-11-28', 1, '1004'),
    (226, 'Legend Spirit EDT', 'https://orchard.vn/wp-content/uploads/2025/06/montblanc-legend-spirit-edt-100-ml_gift-052025.webp', NULL, 1280000, 34, '2025-11-28', 1, '1004'),
    (227, 'Legend EDT', 'https://orchard.vn/wp-content/uploads/2025/06/montblanc-legend-edt-100-ml_gift-052025.webp', NULL, 1180000, 57, '2025-11-28', 1, '1004'),
    (228, 'Legend EDP', 'https://orchard.vn/wp-content/uploads/2025/06/montblanc-legend-edp-100-ml_gift-052025.webp', NULL, 1280000, 37, '2025-11-28', 1, '1004'),
    (229, 'Aventus EDP', 'https://orchard.vn/wp-content/uploads/2025/06/creed-aventus-edp-100-ml_gift-052025.webp', NULL, 6280000, 92, '2025-11-28', 1, '1004'),
    (230, 'Aventus For Her EDP', 'https://orchard.vn/wp-content/uploads/2025/06/creed-aventus-for-her-edp-75-ml_gift-052025.webp', NULL, 4980000, 90, '2025-11-28', 1, '1004'),
    (231, 'Encre Noire EDT', 'https://orchard.vn/wp-content/uploads/2025/06/lalique-encre-noire-edt-100-ml_gift-052025.webp', NULL, 880000, 19, '2025-11-28', 1, '1004'),
    (232, 'Elysium Pour Homme Parfum Cologne', 'https://orchard.vn/wp-content/uploads/2025/06/roja-dove-elysium-pour-homme-parfum-cologne-100-ml_gift-052025.webp', NULL, 4380000, 11, '2025-11-28', 1, '1004'),
    (233, '1 Million EDT', 'https://orchard.vn/wp-content/uploads/2024/07/paco-rabanne-1-million-edt_1-300x300.jpg', NULL, 1980000, 5, '2025-11-28', 1, '1004'),
    (234, '1 Million Parfum', 'https://orchard.vn/wp-content/uploads/2024/07/paco-rabanne-1-million-parfum_1-300x300.jpg', NULL, 2080000, 8, '2025-11-28', 1, '1004'),
    (235, 'Polo Blue EDT', 'https://orchard.vn/wp-content/uploads/2025/06/ralph-lauren-polo-blue-edt-125-ml_gift-052025.webp', NULL, 1280000, 100, '2025-11-28', 1, '1004'),
    (236, 'Polo Black EDT', 'https://orchard.vn/wp-content/uploads/2025/06/ralph-lauren-polo-black-edt-125-ml_gift-052025.webp', NULL, 1280000, 91, '2025-11-28', 1, '1004'),
    (237, 'Polo Blue EDP', 'https://orchard.vn/wp-content/uploads/2025/06/ralph-lauren-polo-blue-edp-125-ml_gift-052025.webp', NULL, 1780000, 98, '2025-11-28', 1, '1004'),
    (238, '212 Sexy Men EDT', 'https://orchard.vn/wp-content/uploads/2025/06/carolina-herrera-212-sexy-men-edt-100-ml_gift-052025.webp', NULL, 1680000, 39, '2025-11-28', 1, '1004'),
    (239, 'Bad Boy EDT', 'https://orchard.vn/wp-content/uploads/2025/06/carolina-herrera-bad-boy-edt-100-ml_gift-052025.webp', NULL, 1880000, 26, '2025-11-28', 1, '1004'),
    (240, 'For Him Bleu Noir EDP', 'https://orchard.vn/wp-content/uploads/2024/07/narciso-rodriguez-for-him-bleu-noir-edp_1-300x300.jpg', NULL, 1780000, 10, '2025-11-28', 1, '1004'),
    (241, 'Nhẫn vàng vàng 18K gắn đá CZ DOJI AFRM500049D1CZ1', 'https://cdn.hstatic.net/products/200000567741/afrm500049d1cz1_1_8f5e259c2d6a441ba9ab8632f689a828_large.jpg', NULL, 10892800, 50, '2025-11-28', 1, '1005'),
    (242, 'Nhẫn vàng 24K DOJI BFR5004510A1XX1', 'https://cdn.hstatic.net/products/200000567741/bfr5004510a1xx1_1_8578188ac1fc46cd8a970899880b7534_large.jpg', NULL, 6375600, 50, '2025-11-28', 1, '1005'),
    (243, 'Nhẫn vàng trắng 18K gắn đá CZ DOJI AFRM400181D2CZ1', 'https://product.hstatic.net/200000567741/product/afrm400181d2cz1_1_90d5b203d1df466f93b4c392b187d2ed_large.jpg', NULL, 13662000, 50, '2025-11-28', 1, '1005'),
    (244, 'Nhẫn vàng trắng 14K gắn kim cương DOJI AFRB002513F2HA1', 'https://product.hstatic.net/200000567741/product/afrb002513f2ha1_1_9bf295c95fba426db5aa79b649871210_large.jpg', NULL, 15015000, 50, '2025-11-28', 1, '1005'),
    (245, 'Nhẫn nữ vàng vàng 14K gắn đá CZ DOJI AFRK000023F1CZ1', 'https://product.hstatic.net/200000567741/product/afrk000023f1cz1_56d62993a7c74d9c8f8ea686db6b969f_large.jpg', NULL, 3885000, 50, '2025-11-28', 1, '1005'),
    (246, 'Nhẫn vàng 24K DOJI BFR5004410A1XX1', 'https://cdn.hstatic.net/products/200000567741/bfr5004410a1xx1_1_ea9c65d1405946ae925408c8acb2f899_large.jpg', NULL, 10957200, 50, '2025-11-28', 1, '1005'),
    (247, 'Nhẫn vàng vàng 14K gắn đá CZ DOJI AFRJ000048F1CZ1', 'https://product.hstatic.net/200000567741/product/afrj000048f1cz1_1_b702e6a0e35f4ee3b4909e1981ee22d3_large.jpg', NULL, 5355000, 50, '2025-11-28', 1, '1005'),
    (248, 'Nhẫn vàng vàng 14K gắn đá CZ DOJI AFRK000143F1CZ1', 'https://product.hstatic.net/200000567741/product/afrk000143f1cz1_1_9df435eb06974be8b20bdce6bc77750c_large.jpg', NULL, 3780000, 50, '2025-11-28', 1, '1005'),
    (249, 'Nhẫn vàng vàng 18K gắn đá CZ DOJI AFRM100495D1CZ1', 'https://product.hstatic.net/200000567741/product/afrm100495d1cz1_1_564ca6c64ee5447b98a29487399e484b_large.jpg', NULL, 10966400, 50, '2025-11-28', 1, '1005'),
    (250, 'Nhẫn vàng trắng 14K gắn đá CZ DOJI AFRJ000104F2CZ1', 'https://product.hstatic.net/200000567741/product/afrj000104f2cz1_1_64594109fb0b459fac9b0f062f7d8526_large.jpg', NULL, 8933500, 50, '2025-11-28', 1, '1005'),
    (251, 'Nhẫn vàng trắng 14K gắn đá CZ DOJI AFRJ000511F2CZ1', 'https://product.hstatic.net/200000567741/product/afrj900511f2cz1_1_038eba678df740d49a35314e5155f215_large.jpg', NULL, 6400500, 50, '2025-11-28', 1, '1005'),
    (252, 'Nhẫn vàng trắng 14K gắn đá sapphire DOJI AFRH000447F2SA1', 'https://product.hstatic.net/200000567741/product/afrh900447f2sa1_1_e0892b4be854416280cd8800318acf0e_large.jpg', NULL, 16443000, 50, '2025-11-28', 1, '1005'),
    (253, 'Nhẫn nữ vàng trắng 14K gắn đá CZ DOJI AFRJ000130F2CZ1', 'https://product.hstatic.net/200000567741/product/afrj100130f2cz1_1_a84424477a734aa8bb3f4f92a1d0b389_large.jpg', NULL, 7794500, 50, '2025-11-28', 1, '1005'),
    (254, 'Nhẫn nữ vàng trắng 14K gắn đá CZ DOJI AFRJ000056F2CZ1', 'https://product.hstatic.net/200000567741/product/afrj900056f2cz1_1_7604e0ff7c5c4b3ba07138916c49f5f7_large.jpg', NULL, 7199500, 50, '2025-11-28', 1, '1005'),
    (255, 'Nhẫn nữ vàng vàng 14K gắn đá CZ DOJI AFRJ000101F1CZ1', 'https://product.hstatic.net/200000567741/product/afrj000101f1cz1_00fa1bdf7c6141648497376e8a1cf006_large.jpg', NULL, 8400000, 50, '2025-11-28', 1, '1005'),
    (256, 'Nhẫn nữ vàng vàng 14K gắn đá CZ DOJI AFRK000422F1CZ1', 'https://product.hstatic.net/200000567741/product/afrk000422f1cz1_b9d20a6fd59c4e9b8660e7880dacf6e8_large.jpg', NULL, 5166000, 50, '2025-11-28', 1, '1005'),
    (257, 'Nhẫn vàng 24K DOJI BLR0003210A1SY0', 'https://product.hstatic.net/200000567741/product/blr0003210a1sy0_1_9c98d61d208b462395f32c6c44d58648_large.jpg', NULL, 0, 50, '2025-11-28', 1, '1005'),
    (258, 'Nhẫn vàng 24K DOJI BLR0003220A1SY0', 'https://product.hstatic.net/200000567741/product/blr0003220a1sy0_1_f7ec349f79c14a8d8653ad09916af81b_large.jpg', NULL, 0, 50, '2025-11-28', 1, '1005'),
    (259, 'Nhẫn vàng trắng 14K gắn kim cương DOJI AFRB902804F2HM1', 'https://cdn.hstatic.net/products/200000567741/afrb902804f2hm1_1_21a20d5eceaf475b8dda845837988bcc_large.jpg', NULL, 20570000, 50, '2025-11-28', 1, '1005'),
    (260, 'Nhẫn vàng trắng 14K gắn kim cương DOJI AFRB902805F2HM1', 'https://cdn.hstatic.net/products/200000567741/afrb902805f2hm1_1_3cdedfd858464117b4402f5180c81c34_large.jpg', NULL, 26367000, 50, '2025-11-28', 1, '1005'),
    (261, 'Nhẫn vàng trắng 14K gắn kim cương DOJI AFRB902808F2HM1', 'https://cdn.hstatic.net/products/200000567741/afrb902808f2hm1_1_3c8a40801418463db006728e9166a467_large.jpg', NULL, 23315500, 50, '2025-11-28', 1, '1005'),
    (262, 'Nhẫn vàng trắng 14K gắn kim cương DOJI AFRR000041F2DA1', 'https://product.hstatic.net/200000567741/product/afrr000041f2da1_1_0af739943d364d6b8a6c8e29796eefa0_large.jpg', NULL, 21097000, 50, '2025-11-28', 1, '1005'),
    (263, 'Nhẫn vàng trắng 14K gắn kim cương DOJI AFRB902806F2HM1', 'https://cdn.hstatic.net/products/200000567741/afrb902806f2hm1_1_f06f9153da1e415db8d6aa6b7ebd87de_large.jpg', NULL, 28441000, 50, '2025-11-28', 1, '1005'),
    (264, 'Nhẫn vàng trắng 14K gắn kim cương DOJI AFRB902807F2HM1', 'https://cdn.hstatic.net/products/200000567741/afrb902807f2hm1_1_e59d29d3dd1f4d3a84c583ee282e8af9_large.jpg', NULL, 21148000, 50, '2025-11-28', 1, '1005'),
    (265, 'Nhẫn vàng trắng 14K gắn kim cương DOJI AFRB902533F2ML1', 'https://product.hstatic.net/200000567741/product/afrb902533f2ml1_1_268a08bead8a45fdae24c556ac63b657_large.jpg', NULL, 31254500, 50, '2025-11-28', 1, '1005'),
    (266, 'Nhẫn vàng trắng 14K gắn kim cương DOJI AFRR000052F2DA1', 'https://product.hstatic.net/200000567741/product/afrr000052f2da1_1_f65438525d79478cbf1f93dbebe183cf_large.jpg', NULL, 20510500, 50, '2025-11-28', 1, '1005'),
    (267, 'Nhẫn vàng trắng 14K gắn kim cương DOJI AFRR000067F2DA1', 'https://product.hstatic.net/200000567741/product/afrr000067f2da1_1_9b066b764aa3473fa44814dabe50567b_large.jpg', NULL, 35113500, 50, '2025-11-28', 1, '1005'),
    (268, 'Nhẫn vàng trắng 14K gắn kim cương DOJI AFRR000503F2DA1', 'https://cdn.hstatic.net/products/200000567741/afrr000503f2da1_1_9f8d55d6b12f4109b445ceb75ca4f7c2_large.jpg', NULL, 20519000, 50, '2025-11-28', 1, '1005'),
    (269, 'Nhẫn vàng trắng 14K gắn kim cương DOJI AFRR000068F2DA1', 'https://product.hstatic.net/200000567741/product/afrr000068f2da1_1_34e1f5edc1844be9abc8183b559611a1_large.jpg', NULL, 27565500, 50, '2025-11-28', 1, '1005'),
    (270, 'Nhẫn vàng trắng 14K gắn kim cương DOJI AFRR000500F2DA1', 'https://product.hstatic.net/200000567741/product/afrr000500f2da1_1_bd48df61ed7a4eb69ad9bee573ae0a84_large.jpg', NULL, 24930500, 50, '2025-11-28', 1, '1005'),
    (271, 'Balo Đa Năng/ Túi Xách Du Lịch Cao Cấp, Ngăn Đựng Giày Riêng, Tích Hợp Khóa Số Chống Trộm BANGE RANGEL', 'https://bizweb.dktcdn.net/thumb/large/100/044/266/products/balo-da-nang-tui-xach-du-lich-cao-cap-ngan-dung-giay-rieng-tich-hop-khoa-so-chong-trom-bange-rangel-4.png?v=1746264567147', NULL, 1290000, 1, '2025-11-28', 1, '1007'),
    (272, 'Túi Du Lịch Cần Kéo SAKOS STILO - Black', 'https://bizweb.dktcdn.net/thumb/large/100/044/266/products/tui-du-lich-sakos-stilo.jpg?v=1704422174750', NULL, 2020000, 16, '2025-11-28', 1, '1007'),
    (273, 'Túi Du Lịch Cần Kéo OZUKO ROYAL', 'https://bizweb.dktcdn.net/thumb/large/100/044/266/products/balo-ozuko-9699-4-jpeg.jpg?v=1706666273603', NULL, 1800000, 41, '2025-11-28', 1, '1007'),
    (274, 'Túi Trống Thể Thao Du Lịch Tập Gym HIER SPORT', 'https://bizweb.dktcdn.net/thumb/large/100/044/266/products/tui-trong-the-thao-du-lich-tap-gym-hier-sport-21.jpg?v=1679210851363', NULL, 480000, 98, '2025-11-28', 1, '1007'),
    (275, 'Túi Du Lịch SAKOS M TRAVELLER - Black', 'https://bizweb.dktcdn.net/thumb/large/100/044/266/products/tui-du-lich-sakos-m-traveller-black-4.jpg?v=1691231580257', NULL, 1690000, 52, '2025-11-28', 1, '1007'),
    (276, 'Túi Du Lịch Kmore The Tyler Journey - Navy', 'https://bizweb.dktcdn.net/thumb/large/100/044/266/products/tui-du-lich-kmore-the-tyler-journey-8.jpg?v=1680935354953', NULL, 590000, 42, '2025-11-28', 1, '1007'),
    (277, 'BALO MARK RYDEN FILE MASTER', 'https://bizweb.dktcdn.net/thumb/large/100/044/266/products/balo-file-master-1.png?v=1740557501280', NULL, 1590000, 96, '2025-11-28', 1, '1007'),
    (278, 'Balo/ Túi Du Lịch Đa Năng Cao Cấp OZUKO TRAVEL KING', 'https://bizweb.dktcdn.net/thumb/large/100/044/266/products/balo-da-nang-ozuko-17.jpg?v=1683620945747', NULL, 1490000, 85, '2025-11-28', 1, '1007'),
    (279, 'Balo Đa Năng Cao Cấp, Thiết Kế Siêu Thông Minh, Tính Năng Nới Rộng Lên Đến 43L MARK RYDEN SUPER SPACE', 'https://bizweb.dktcdn.net/thumb/large/100/044/266/products/balo-mark-ryden-g1-mr9993-kr-5.jpg?v=1692933297623', NULL, 1500000, 100, '2025-11-28', 1, '1007'),
    (280, 'Balo Hàng Hiệu, Thiết Kế Hiện Đại Mới Nhất Hiện Nay BANGE ROUTER', 'https://bizweb.dktcdn.net/thumb/large/100/044/266/products/bigbag-7276-20.jpg?v=1679031882367', NULL, 1500000, 96, '2025-11-28', 1, '1007'),
    (281, 'Balo Du Lịch Cao Cấp 40L, Thiết Kế Đa Năng, Chống Sốc Macbook/ Laptop Fix 15,6', 'https://bizweb.dktcdn.net/thumb/large/100/044/266/products/balo-chong-soc-laptop-15-tomtoc-usa-a82-f01d-black-10.jpg?v=1649317286433', NULL, 1990000, 91, '2025-11-28', 1, '1007'),
    (282, 'Balo Công Thái Học Cao Cấp, Hút Chân Không, Đa Năng, Chống Thấm Nước Tuyệt Đối, Tính Năng Nới Rộng 25L lên 60L, Fix Laptop 17.3', 'https://bizweb.dktcdn.net/thumb/large/100/044/266/products/balo-cong-thai-hoc-da-nang-cao-cap-chong-tham-nuoc-tuyet-doi-tinh-nang-noi-rong-25l-len-60l-fix-laptop-17-3-outwalk-proman-jpeg.jpg?v=1704170453207', NULL, 2500000, 91, '2025-11-28', 1, '1007'),
    (283, 'Túi Du Lịch Mikkor The Journey Gear 23 - Navy', 'https://bizweb.dktcdn.net/thumb/large/100/044/266/products/tui-du-lich-mikkor-the-journey-gear-23-10.jpg?v=1694942704620', NULL, 750000, 46, '2025-11-28', 1, '1007'),
    (284, 'Túi Du Lịch Mikkor The Journey Gear 23 - Black', 'https://bizweb.dktcdn.net/thumb/large/100/044/266/products/tui-du-lich-mikkor-the-journey-gear-23-16.jpg?v=1694943066393', NULL, 750000, 50, '2025-11-28', 1, '1007'),
    (285, 'Túi Du Lịch/ Thể Thao Mikkor The Sporty Gymer - Graphite / Orange', 'https://bizweb.dktcdn.net/thumb/large/100/044/266/products/tui-du-lich-mikkor-gymer-1.jpg?v=1578465421193', NULL, 590000, 89, '2025-11-28', 1, '1007'),
    (286, 'Túi Du Lịch/ Thể Thao Mikkor The Sporty Gymer - Black', 'https://bizweb.dktcdn.net/thumb/large/100/044/266/products/gym1.jpg?v=1554969274407', NULL, 590000, 89, '2025-11-28', 1, '1007'),
    (287, 'Túi Du Lịch Thiết Kế Sang Trọng, Phối Da Tinh Tế SAKOS BALANCER - Phối Da Đen', 'https://bizweb.dktcdn.net/thumb/large/100/044/266/products/tui-du-lich-thiet-ke-sang-trong-phoi-da-tinh-te-sakos-balancer-7.jpg?v=1649326516063', NULL, 1990000, 43, '2025-11-28', 1, '1007'),
    (288, 'Túi Du Lịch Sakos Vigor - Black', 'https://bizweb.dktcdn.net/thumb/large/100/044/266/products/tui-du-lich-sakos-vigor-black-1.png?v=1706236051403', NULL, 1700000, 41, '2025-11-28', 1, '1007'),
    (289, 'Balo Vintpack For Macbook/ Laptop 16 inch TOMTOC (USA) TA1M1D1 - Black (Size Lớn 22L)', 'https://bizweb.dktcdn.net/thumb/large/100/044/266/products/balo-chong-soc-laptop-13-14-15-16-tomtoc-usa-ta1m1d1-16.jpg?v=1720233639750', NULL, 2090000, 63, '2025-11-28', 1, '1007'),
    (290, 'Balo Vintpack For Macbook/ Laptop 16 inch TOMTOC (USA) TA1M1Y1 - Yellowish (Size Lớn 22L)', 'https://bizweb.dktcdn.net/thumb/large/100/044/266/products/balo-chong-soc-laptop-13-14-15-16-tomtoc-usa-ta1m1d1-1.jpg?v=1720233631407', NULL, 2090000, 30, '2025-11-28', 1, '1007'),
    (291, 'Cặp Xách/ Túi Đeo Chéo Cao Cấp BOPAI GENTLE', 'https://bizweb.dktcdn.net/thumb/large/100/044/266/products/tui-deo-cheo-tho-i-trang-bopai-12.jpg?v=1670071003033', NULL, 1890000, 83, '2025-11-28', 1, '1007'),
    (292, 'Balo/ Cặp Đa Năng Mikkor The Gibson Briefcase - Dark Navy', 'https://bizweb.dktcdn.net/thumb/large/100/044/266/products/cap-xach-da-nang-mikkor-the-gibson-briefcase-dark-navy-10.jpg?v=1639473170210', NULL, 1390000, 36, '2025-11-28', 1, '1007'),
    (293, 'Balo/ Cặp Đa Năng Mikkor The Gibson Briefcase - Black', 'https://bizweb.dktcdn.net/thumb/large/100/044/266/products/cap-xach-mikkor-the-gibson-briefcase-black-10.jpg?v=1639473221420', NULL, 1390000, 46, '2025-11-28', 1, '1007'),
    (294, 'Balo/ Cặp Đa Năng Mikkor The Gibson Briefcase - Graphite', 'https://bizweb.dktcdn.net/thumb/large/100/044/266/products/cap-xach-da-nang-mikkor-the-gibson-briefcase-graphite-2.jpg?v=1639236432580', NULL, 1390000, 33, '2025-11-28', 1, '1007'),
    (295, 'Balo 1 Quai Đa Năng/ Túi Đeo Chéo Đa Tiện ích Cao Cấp BANGE LOTUS', 'https://bizweb.dktcdn.net/thumb/large/100/044/266/products/bigbag-bg77120-1.jpg?v=1599558848127', NULL, 800000, 5, '2025-11-28', 1, '1007'),
    (296, 'Túi Đeo Chéo Thiết Kế Mới BANGE FUTURE I', 'https://bizweb.dktcdn.net/thumb/large/100/044/266/products/tui-deo-cheo-thiet-ke-moi-bange-future-3.jpg?v=1640914874303', NULL, 575000, 28, '2025-11-28', 1, '1007'),
    (297, 'Túi Đeo Chéo/ Kiêm Balo Thời Trang, Thiết Kế Đa Năng, Fix iPad 9.7 inch Mikkor The Gibson Sling - Graphite', 'https://bizweb.dktcdn.net/thumb/large/100/044/266/products/tui-deo-cheo-ket-hop-balo-hai-quai-mikkor-the-gibson-sling-graphite-6.jpg?v=1647940803967', NULL, 990000, 66, '2025-11-28', 1, '1007'),
    (298, 'Túi Đeo Chéo/ Kiêm Balo Thời Trang, Thiết Kế Đa Năng, Fix iPad 9.7 inch Mikkor The Gibson Sling - Black', 'https://bizweb.dktcdn.net/thumb/large/100/044/266/products/tui-deo-cheo-ket-hop-balo-hai-quai-mikkor-the-gibson-sling-black-5.jpg?v=1647940789757', NULL, 990000, 34, '2025-11-28', 1, '1007'),
    (299, 'Túi Đeo Chéo/ Kiêm Balo Thời Trang, Thiết Kế Đa Năng, Fix iPad 9.7 inch Mikkor The Gibson Sling - Dark Navy', 'https://bizweb.dktcdn.net/thumb/large/100/044/266/products/tui-deo-cheo-ket-hop-balo-hai-quai-mikkor-the-gibson-sling-dark-navy-5.jpg?v=1647940779647', NULL, 990000, 7, '2025-11-28', 1, '1007'),
    (300, 'Túi Đeo Chéo Siêu Nhẹ, Nhỏ Gọn, Thiết Kế Tối Giản MARK RYDEN SECRET', 'https://bizweb.dktcdn.net/thumb/large/100/044/266/products/tui-deo-cheo-sieu-nhe-nho-gon-thiet-ke-toi-gian-mark-ryden-secret.jpg?v=1657113960117', NULL, 450000, 93, '2025-11-28', 1, '1007'),
    (301, 'Túi Đeo Chéo MARK RYDEN MORGAN', 'https://bizweb.dktcdn.net/thumb/large/100/044/266/products/tu-i-deo-che-o-mark-ryden-mr-7069-11.jpg?v=1669471429240', NULL, 750000, 11, '2025-11-28', 1, '1007'),
    (302, 'Balo Kiêm Cặp Xách Laptop/ Macbook, Thiết Kế 2 in 1 MARK RYDEN MENGO', 'https://bizweb.dktcdn.net/thumb/large/100/044/266/products/balo-kiem-cap-xach-mark-ryden-mengo-1.png?v=1722398453653', NULL, 890000, 91, '2025-11-28', 1, '1007');